"gene","tau","log_fc_est","sd_est","Z_est","p_cross","ct_prop","expr","q_val","p","cell_type","cell_type_long"
"FRMD3",0.102000015468033,-1.46866768328335,0.310869331815269,-4.72438910170814,0.0156383416592047,0.781437030951884,0.000112416839009234,0.000247503245643012,2.30808124628237e-06,"ExDp1","Maturing deep layer excit. (ExDp1)"
"UBB",0.393521695937412,-0.960818389011488,0.285854685755462,-3.3612126611541,8.42400541608883e-29,0.502957384486714,0.000954760173002043,0.0244747632048743,0.000776010521261169,"ExDp1","Maturing deep layer excit. (ExDp1)"
"CSAD",0.271056184038805,0.87013591845571,0.202151730189813,4.30437037387059,1.66871207560366e-49,1,0.000179454491825742,0.00117113701395229,1.67461307559233e-05,"ExDp1","Maturing deep layer excit. (ExDp1)"
"EIF3L",0.388278292390456,-0.826957469428337,0.282181180638891,-2.93059043681088,1.42039038173607e-78,0.634535633962796,4.42325305854405e-05,0.0695477439854346,0.00338318500957512,"ExDp1","Maturing deep layer excit. (ExDp1)"
"DSTN",0.230873444730532,-0.821921433997342,0.177163741242066,-4.63933211296502,2.53058672269293e-16,0.758903565593744,0.000451747119585426,0.000321274394800748,3.49536954243897e-06,"ExDp1","Maturing deep layer excit. (ExDp1)"
"ALKBH7",0.182435645569285,-0.820971830082843,0.158016898379558,-5.19546857647378,4.53847274015418e-11,0.850033918859457,7.75284457591235e-05,2.96230439602714e-05,2.04204828884925e-07,"ExDp1","Maturing deep layer excit. (ExDp1)"
"LSM7",0.213232546384867,-0.805374664755639,0.169553217931698,-4.74998159622115,1.1090446444493e-06,0.570126065007239,0.00016205838317012,0.000225672729387563,2.0343516171089e-06,"ExDp1","Maturing deep layer excit. (ExDp1)"
"PFDN5",0.318013557214884,-0.801162865609387,0.241039047908045,-3.32378870794008,9.72116701896228e-15,0.834206775383007,0.000351572651824059,0.0266991308277103,0.000888034503750389,"ExDp1","Maturing deep layer excit. (ExDp1)"
"COPS9",0.00212775709764806,-0.799503931452283,0.115620963355082,-6.91487000499155,0.122823337065857,0.597214628233504,0.000139797585251647,1.88312160435607e-09,4.68292596669213e-12,"ExDp1","Maturing deep layer excit. (ExDp1)"
"USP16",0.245727769307129,0.747838894077864,0.197147756926348,3.79329141623075,4.18491530910286e-06,0.630313299972855,0.000150886816181769,0.00655727655183764,0.000148663514282883,"ExDp1","Maturing deep layer excit. (ExDp1)"
"UBQLN1",0.33731022667541,-0.738638823713939,0.264822936564854,-2.78917994526902,5.16661448805173e-08,0.717827200153239,0.000107058082082409,0.0913934067527904,0.00528416961641872,"ExDp1","Maturing deep layer excit. (ExDp1)"
"CALN1",0.123438469687154,-0.727131409758007,0.119574021016549,-6.08101495271598,0.000187974088346896,0.624164581182909,8.68348855654563e-05,3.2015625263667e-07,1.19424153921046e-09,"ExDp1","Maturing deep layer excit. (ExDp1)"
"TCEAL5",0,0.724905092612236,0.239734745647613,3.02377984740592,0.589525944891839,0.965766295780965,0.000253487306004782,0.0557698287503351,0.00249638027356178,"ExDp1","Maturing deep layer excit. (ExDp1)"
"NDUFV3",0.192217227794313,0.724492421132803,0.155292630809969,4.66533677325204,4.01341761717427e-05,1,0.00012469612968052,0.000309748839524239,3.08111994553175e-06,"ExDp1","Maturing deep layer excit. (ExDp1)"
"SCN8A",0.0194004544203541,0.678591083123697,0.0644647323445082,10.5265477485769,0.292965697319671,0.82172677357708,5.49012160056081e-05,1.04844105092691e-22,6.51812900793854e-26,"ExDp1","Maturing deep layer excit. (ExDp1)"
"FBXW11",0.252714829611249,-0.661912153455728,0.205019009782757,-3.22854038831378,5.305239579225e-06,1,8.86971547648155e-05,0.0339212715275874,0.00124423687915925,"ExDp1","Maturing deep layer excit. (ExDp1)"
"ZFHX2",0.260764793775435,0.66124832365015,0.226205551733278,2.92321880954467,3.21717461725745e-08,0.932053123104748,1.92194126736192e-05,0.0700927593269914,0.00346432972738316,"ExDp1","Maturing deep layer excit. (ExDp1)"
"RRAGA",0.152300047143387,-0.657881153188161,0.127288478850313,-5.16842654677182,3.86564510030651e-05,0.666328290540593,6.23307216240889e-05,3.1643622968498e-05,2.3607303426918e-07,"ExDp1","Maturing deep layer excit. (ExDp1)"
"STARD7",0.210923926321702,-0.650334690780165,0.169405589223306,-3.83892109913157,5.65569840906282e-07,0.620669460094542,6.48303405084168e-05,0.00576151321312197,0.000123576130464848,"ExDp1","Maturing deep layer excit. (ExDp1)"
"ERH",0.259586920987731,-0.641768009044413,0.209483493311749,-3.06357316702442,3.8487172172494e-06,0.530659385209286,0.000257437401797699,0.0506181561174427,0.00218710714961906,"ExDp1","Maturing deep layer excit. (ExDp1)"
"PPIA",0.2312127700611,-0.635609723168182,0.193789806677801,-3.27989244669076,3.64042038315939e-07,0.674695687891312,0.000586966075840272,0.0295641352978444,0.00103846667350215,"ExDp1","Maturing deep layer excit. (ExDp1)"
"BLCAP",0.177415966572461,-0.622831146761661,0.143852332333704,-4.32965622911721,3.26844204849363e-05,0.728379146259558,0.000149825889210082,0.00111477115745604,1.49342290642491e-05,"ExDp1","Maturing deep layer excit. (ExDp1)"
"AMFR",0.220785696647953,-0.604072812043444,0.170338987193686,-3.54629801430353,3.09968161087925e-08,0.576331552697216,2.70924274696393e-05,0.0142821681469815,0.000390684114682739,"ExDp1","Maturing deep layer excit. (ExDp1)"
"PSMB5",0.125106932248999,-0.601031250325695,0.10468778692791,-5.7411782975179,7.68699324659192e-05,0.957646674412037,0.000168842508218559,1.7791908607025e-06,9.4020033049246e-09,"ExDp1","Maturing deep layer excit. (ExDp1)"
"GARS",0.251353093811812,-0.595456910839347,0.210996718615245,-2.82211455584374,5.87850659361597e-05,0.81744232811729,0.000138433854372395,0.0867102043707243,0.00477081323395033,"ExDp1","Maturing deep layer excit. (ExDp1)"
"TRMT13",0.00236606834184424,0.590597042299108,0.0804197454681087,7.34393075806632,0.300659718927305,0.748210465944107,8.91531510534373e-05,1.33447886333042e-10,2.07410454356609e-13,"ExDp1","Maturing deep layer excit. (ExDp1)"
"TCAIM",0.0882177977870916,0.584453365807817,0.177608358626116,3.29068614973326,0.19621061730164,0.503665428613887,2.43488864402902e-05,0.0289655641377261,0.000999433515476405,"ExDp1","Maturing deep layer excit. (ExDp1)"
"BZW1",0.191637902168369,-0.580988708619688,0.211462757833108,-2.74747532176904,0.00964429815013165,0.997339927274753,0.000239910041586697,0.0995877540735949,0.00600560282570016,"ExDp1","Maturing deep layer excit. (ExDp1)"
"IRF2BP2",0.262882090461118,-0.576881692941557,0.19704863013409,-2.92761077582216,4.23073728794084e-18,0.587988813508278,0.000105715926895896,0.0695477439854346,0.00341577356223148,"ExDp1","Maturing deep layer excit. (ExDp1)"
"PLPPR3",0.249083947421982,-0.574671747091889,0.186327986867574,-3.08419447208603,2.36808838310797e-37,0.847615681010276,2.26447271981684e-05,0.0479272253716322,0.00204104130429394,"ExDp1","Maturing deep layer excit. (ExDp1)"
"IDS",0.235452470029303,-0.566863877982855,0.179337858186821,-3.1608712388677,1.22210134093372e-23,0.790131586650913,0.000189835695470089,0.0398447021979261,0.0015729801613729,"ExDp1","Maturing deep layer excit. (ExDp1)"
"TTC17",0.0873768296081495,0.562887426091175,0.109963289167505,5.1188667631953,0.0749839336381565,0.712635383273227,9.86196282018688e-05,3.95532733141965e-05,3.07377007415267e-07,"ExDp1","Maturing deep layer excit. (ExDp1)"
"CNIH1",0.261736626427378,-0.56082155642224,0.19907223116726,-2.81717622359414,6.31605530131483e-17,0.634217848176554,6.57355790087693e-05,0.0870709538614313,0.0048447935160697,"ExDp1","Maturing deep layer excit. (ExDp1)"
"METTL9",0.153882581785553,-0.556650969503142,0.119651169805276,-4.65228188248432,4.88235573170611e-12,0.590667234965712,0.00015358692731277,0.000310612611960038,3.28281902599978e-06,"ExDp1","Maturing deep layer excit. (ExDp1)"
"C11orf74",0.17801791535372,0.541894064719247,0.182768739739308,2.96491656884092,0.000144967738009428,0.610695556165279,5.12352905769159e-05,0.0653687982007479,0.00302765027414095,"ExDp1","Maturing deep layer excit. (ExDp1)"
"SMDT1",0.146618631393661,-0.540746406558658,0.129648429903127,-4.17086737542986,3.5440799477108e-06,0.65401259632248,0.000103241471867413,0.00180773020398318,3.03442433991581e-05,"ExDp1","Maturing deep layer excit. (ExDp1)"
"CLIP3",0.214131293624318,-0.536972767564054,0.157850411639657,-3.401782497659,8.09765587809669e-24,0.868114007874117,7.13425087572009e-05,0.0221256503209234,0.000669478962685602,"ExDp1","Maturing deep layer excit. (ExDp1)"
"NME1",0.182719561266363,-0.535487759743283,0.182820022319481,-2.92904329049642,0.0290088833506394,0.592317064823813,0.000138337321931265,0.0695477439854346,0.00340007064696556,"ExDp1","Maturing deep layer excit. (ExDp1)"
"RAB6B",0.258246584357816,-0.531059971359858,0.189090871194064,-2.8084907960196,2.53278922890815e-28,0.625559014671413,7.62694269848604e-05,0.0879801867230652,0.00497743052023558,"ExDp1","Maturing deep layer excit. (ExDp1)"
"TSPYL1",0.221932059821765,-0.530183539628193,0.167053806192477,-3.17372918170642,4.84069383352758e-10,0.857189163522358,6.60452514700789e-05,0.0390434935394488,0.00150494037889078,"ExDp1","Maturing deep layer excit. (ExDp1)"
"ANKMY2",0,0.513563291965745,0.151685016560643,3.38572196259361,0.998210109009485,1,0.000111457787734775,0.0227639171506722,0.000709912714813441,"ExDp1","Maturing deep layer excit. (ExDp1)"
"C4orf48",0.135672542051974,-0.510861026839579,0.118556672192073,-4.3090027528095,0.00105736401077204,0.588540616778998,0.000217132966751901,0.00117113701395229,1.63992327300045e-05,"ExDp1","Maturing deep layer excit. (ExDp1)"
"KCNMB4",0.135881496740574,-0.510851608600922,0.112063863360816,-4.55857573780153,9.28441201304494e-05,1,5.6223377473607e-05,0.000447786332485634,5.15016919551398e-06,"ExDp1","Maturing deep layer excit. (ExDp1)"
"CFAP97",0.0299765892165276,-0.50493278405859,0.0724742432836837,-6.96706527975942,0.173742133948115,0.952796814843935,0.000191481963965959,1.48726750827996e-09,3.23620533352804e-12,"ExDp1","Maturing deep layer excit. (ExDp1)"
"COPS8",0.17294350686062,-0.502540280246999,0.167378196325615,-3.00242379998745,0.00618320145543906,0.790722569521789,7.87060934484705e-05,0.0590163095565361,0.00267839017570851,"ExDp1","Maturing deep layer excit. (ExDp1)"
"PGD",0.172248125516354,-0.501938575530834,0.133987396028502,-3.74616262729712,1.95944248528925e-14,0.654542678635646,8.68545916263897e-05,0.00760059467741593,0.000179560209973146,"ExDp1","Maturing deep layer excit. (ExDp1)"
"SPPL3",0.000982295560120942,-0.500438057170346,0.0612861399386828,-8.16559923126236,0.349910001031439,0.526253112478308,3.48353808753844e-05,3.21454341924521e-13,3.19843490721555e-16,"ExDp1","Maturing deep layer excit. (ExDp1)"
"CACNB1",0.160622227308478,0.497497818494934,0.124357952331896,4.00053079972861,2.57341805267986e-06,0.565576958467651,1.0334654333716e-05,0.00338860337458886,6.32005602969636e-05,"ExDp1","Maturing deep layer excit. (ExDp1)"
"PMM1",0,-0.4956744592149,0.0686123301859156,-7.22427671340988,0.99522647979399,0.507150946398758,3.04279318164e-05,2.70107820402018e-10,5.03775854029254e-13,"ExDp1","Maturing deep layer excit. (ExDp1)"
"SNAP29",0,0.495202088421196,0.145130603319149,3.41211348327562,0.417973802494842,0.5235725667415,3.40607780530461e-05,0.0216012405730634,0.00064461271215856,"ExDp1","Maturing deep layer excit. (ExDp1)"
"ZNF160",0.0435642367286011,0.494047676330692,0.0765413364128642,6.45465181932279,0.248512738529383,0.555150807886881,3.96998442981563e-05,3.87712808059765e-08,1.0846799106428e-10,"ExDp1","Maturing deep layer excit. (ExDp1)"
"NDUFAF5",0.0905909125292556,-0.478085009395881,0.110079642978109,-4.34308284857861,0.0601333462556745,0.8225805826867,3.62546223764138e-05,0.00107614103558447,1.40497119970618e-05,"ExDp1","Maturing deep layer excit. (ExDp1)"
"PPME1",0.0988067295881165,-0.476246118106769,0.10234905057337,-4.65315618893178,0.0437183551373024,0.730925304925546,0.00010848622555177,0.000310612611960038,3.26892445328173e-06,"ExDp1","Maturing deep layer excit. (ExDp1)"
"GHITM",0.206509318920259,-0.465969531883058,0.169222514643202,-2.75359063695237,5.43191155284832e-07,0.706918544205006,0.000126300547134199,0.0987643227804609,0.00589454459864734,"ExDp1","Maturing deep layer excit. (ExDp1)"
"LAS1L",0,0.460333911313252,0.113519508348058,4.0551083951301,0.649634368776487,0.665121547390895,6.23094494850807e-05,0.00282819786890476,5.01110595360805e-05,"ExDp1","Maturing deep layer excit. (ExDp1)"
"LRPAP1",0.138765215578089,0.459374284530839,0.137917971138106,3.3307790184271,0.0348761232879714,0.662599402790473,7.29064434091007e-05,0.0262832914498806,0.000866033227754846,"ExDp1","Maturing deep layer excit. (ExDp1)"
"PELI1",0.141215354495795,-0.450651402250607,0.108237282634446,-4.16355059256807,3.70411844029234e-14,0.692031871085326,5.92200168660776e-05,0.00183273400430614,3.13336556533533e-05,"ExDp1","Maturing deep layer excit. (ExDp1)"
"GPM6A",0.164921297268159,-0.449452927504137,0.117893959598008,-3.81234907230762,2.70195779620871e-117,0.730662701553581,0.00168764027813685,0.00632610570561033,0.000137652284548562,"ExDp1","Maturing deep layer excit. (ExDp1)"
"EHMT1",0.200065324718076,0.447664144499376,0.156439689785853,2.86157652902646,7.04878078509845e-07,0.734746500886655,0.000104169622738995,0.0783868947876049,0.00421539720182022,"ExDp1","Maturing deep layer excit. (ExDp1)"
"CEP350",0.131469815982209,0.435778003022552,0.117789847839771,3.6996227689787,6.94727533775543e-05,0.63483962952109,0.000213119767403923,0.00868268988832058,0.000215920171297994,"ExDp1","Maturing deep layer excit. (ExDp1)"
"SLC39A7",0,-0.434272381036363,0.0928898547664061,-4.67513252258221,0.578640509427197,0.645635324096502,7.3433130246197e-05,0.000304851075216898,2.93763858617465e-06,"ExDp1","Maturing deep layer excit. (ExDp1)"
"SNRPC",0.17149904929394,0.432558169884443,0.144512857423635,2.99321581204649,0.000221183415291053,0.58033265254227,0.00015616892620823,0.0600045421969051,0.00276054468297854,"ExDp1","Maturing deep layer excit. (ExDp1)"
"PHAX",0.180593972210782,-0.427157357295963,0.147472454286393,-2.89652301077474,0.000468479586257251,0.953032499727582,0.000228957621050571,0.0740151215058629,0.00377322969442385,"ExDp1","Maturing deep layer excit. (ExDp1)"
"PNN",0.109113561692187,0.426551429073338,0.0970829223623798,4.39368138797014,0.000629334050141823,0.759084927701127,0.000633300447116293,0.000896313445717854,1.11447117900883e-05,"ExDp1","Maturing deep layer excit. (ExDp1)"
"C11orf68",0.129539129575438,-0.418558257613772,0.142604609273586,-2.93509627596098,0.0533102564758102,0.552035540369575,9.4968954784196e-06,0.0695477439854346,0.0033344421154735,"ExDp1","Maturing deep layer excit. (ExDp1)"
"GDAP1L1",0.145248321054285,-0.412768791608218,0.109928779005375,-3.75487470472164,1.76396218061605e-09,0.534808970885915,7.87090950812739e-05,0.00743891417020284,0.000173428213480016,"ExDp1","Maturing deep layer excit. (ExDp1)"
"RAB2A",0.188903594658527,-0.410337100561869,0.146570144680852,-2.79959538455362,1.39898720718555e-07,0.830813564759708,0.000416574526114402,0.0889747377524052,0.00511666971843176,"ExDp1","Maturing deep layer excit. (ExDp1)"
"ATL1",0.123969683431388,-0.407951415879214,0.103051911600439,-3.9586981895198,1.61581720254315e-07,0.800932647389939,0.000112891510255244,0.00386477909112379,7.53593930847612e-05,"ExDp1","Maturing deep layer excit. (ExDp1)"
"LY6G5B",0,0.407201795417461,0.0976015093087296,4.17208502513435,0.982023375587389,0.892795581488837,1.68218947310718e-06,0.00180773020398318,3.01824959920886e-05,"ExDp1","Maturing deep layer excit. (ExDp1)"
"KIF3B",0.174804443748468,-0.406524816854202,0.138654835236745,-2.93191951193108,2.73548229239934e-07,0.787864208280585,0.000142500632699028,0.0695477439854346,0.00336874041993984,"ExDp1","Maturing deep layer excit. (ExDp1)"
"FBXO30",0.0836450197796713,-0.405938891670962,0.0795988909281333,-5.09980587590684,0.0182591816871109,1,6.82357361341908e-05,4.20687098775811e-05,3.40002007092667e-07,"ExDp1","Maturing deep layer excit. (ExDp1)"
"CCNG2",0.0850259480881018,-0.40559134494942,0.0754517721293378,-5.37550455745644,0.0021246375803833,0.56158338525138,0.000124778541608421,1.2283876463272e-05,7.63685201322473e-08,"ExDp1","Maturing deep layer excit. (ExDp1)"
"THOC2",0.160619972579039,0.402458467579074,0.145911265411947,2.75824122587672,0.00428206259184173,0.689493165981111,0.000265988568271915,0.0984268920361017,0.00581132961520685,"ExDp1","Maturing deep layer excit. (ExDp1)"
"NEO1",0,-1.82099786297014,0.393164896228012,-4.63163899025732,0.351761530276505,0.731078584093095,0.000105702635388684,0.0035105236502119,3.62782326925101e-06,"ExDp2","Maturing deep layer excit. (ExDp2)"
"MPP6",0.42487862013747,-1.63294446370734,0.404196223692207,-4.03997951487746,1.69572931301334e-05,0.666487983008732,0.000172905779333842,0.0143142486182991,5.34558702488835e-05,"ExDp2","Maturing deep layer excit. (ExDp2)"
"TMEM132A",0,1.16904360117353,0.250158088794315,4.6732192702941,0.2839627357795,0.63628345430644,6.37080467844655e-05,0.0035105236502119,2.96514905982849e-06,"ExDp2","Maturing deep layer excit. (ExDp2)"
"BTBD8",0.00261342806136244,-1.14897716488531,0.198323749475558,-5.79344212644042,0.176733755376179,0.632202792178168,2.89022087532395e-05,2.00185814504079e-05,6.89582550823558e-09,"ExDp2","Maturing deep layer excit. (ExDp2)"
"PRMT7",0,-0.977768261043703,0.251810269439413,-3.88295625599558,0.399644199943434,0.873944934645319,2.55433878168434e-05,0.0213980416851459,0.000103194138336908,"ExDp2","Maturing deep layer excit. (ExDp2)"
"ZMAT2",0.00101246580861655,-0.856948006413057,0.212296305060291,-4.03656580913968,0.220564858694975,1,0.00023349481699445,0.0143142486182991,5.42393161561454e-05,"ExDp2","Maturing deep layer excit. (ExDp2)"
"PSD3",0.029654193421322,0.852309236660189,0.193291518197946,4.40944975033697,0.396633407990001,1,0.000289823839822569,0.0075212085846227,1.03633600890426e-05,"ExDp2","Maturing deep layer excit. (ExDp2)"
"KIFC2",0.0683889310004295,0.80651793612323,0.190423229287276,4.23539680080996,0.0891844105012203,0.595376977485142,1.62919734756634e-05,0.0110385832959677,2.28148466330713e-05,"ExDp2","Maturing deep layer excit. (ExDp2)"
"ILKAP",0.0462572344305796,-0.780360279071614,0.18579391425454,-4.20013907453669,0.425618343333335,0.732824499898941,5.63891245951822e-05,0.0110625483023079,2.66751078595093e-05,"ExDp2","Maturing deep layer excit. (ExDp2)"
"FASTKD2",0,-0.738559104122733,0.190159362838265,-3.88389555528167,0.649566290315657,0.654797141777526,1.72682747805359e-05,0.0213980416851459,0.000102796079343621,"ExDp2","Maturing deep layer excit. (ExDp2)"
"ACOT7",0.206812622389251,0.597767905819677,0.170783082214689,3.50015878661935,1.98563383930106e-06,1,0.000116979327833687,0.0567587172493948,0.000464981094399028,"ExDp2","Maturing deep layer excit. (ExDp2)"
"FASN",0.238440374711461,0.592389059476379,0.17994043131467,3.2921398217638,6.9563068167831e-26,0.805873875991262,3.18501944809386e-05,0.0995310222467268,0.000994281655237712,"ExDp2","Maturing deep layer excit. (ExDp2)"
"RAB11A",0.000426727136748875,-0.585743697123096,0.170467965838315,-3.43609248953354,0.592022458772674,0.684947296894568,0.000126507086012188,0.0634541459789944,0.000590169459673734,"ExDp2","Maturing deep layer excit. (ExDp2)"
"ATRN",0.0596775291281157,-0.570565051844503,0.149669874694757,-3.81215694212436,0.271795680568779,1,3.69561610824657e-05,0.024994713236807,0.000137759356455016,"ExDp2","Maturing deep layer excit. (ExDp2)"
"MTPN",0.163874084675086,-0.551221719856873,0.152642921784832,-3.61118428166543,0.00699395428232316,0.886460033155566,0.000197225471887361,0.044242007237991,0.000304801978904519,"ExDp2","Maturing deep layer excit. (ExDp2)"
"CHMP2A",0.00030527028933135,-0.51561919654285,0.150630846324914,-3.42306512326598,0.414133187640975,0.698717096425932,0.000108721785682304,0.0641969844074948,0.000619192409028541,"ExDp2","Maturing deep layer excit. (ExDp2)"
"ANAPC7",0.0610064925536602,0.507436177914393,0.145075998105066,3.49772660221094,0.474120430820271,0.745834966433477,4.98530710915382e-05,0.0567587172493948,0.000469241892519971,"ExDp2","Maturing deep layer excit. (ExDp2)"
"GNPTAB",0.144790724576644,-0.50647240480158,0.135607501466454,-3.73484061961623,0.0125395844648568,1,0.000291662020973649,0.0320754359061452,0.000187834106236469,"ExDp2","Maturing deep layer excit. (ExDp2)"
"ZMYND8",0.126380240127335,-0.503904727004183,0.12870303492683,-3.91525131703897,0.0487499860541454,1,0.000428625586323388,0.0213980416851459,9.03100874706515e-05,"ExDp2","Maturing deep layer excit. (ExDp2)"
"SOD1",0.0609440731624296,0.488667273945449,0.141105503684775,3.46313404640202,0.236303901977285,0.679109263380731,0.000295052955736389,0.0619990612279856,0.000533922332311278,"ExDp2","Maturing deep layer excit. (ExDp2)"
"SNN",0.149252295037902,0.459115136726966,0.128039013884569,3.5857440853213,3.92379869239573e-06,0.855753745451057,5.99592454891557e-05,0.0464643749254127,0.000336118454506947,"ExDp2","Maturing deep layer excit. (ExDp2)"
"FAM98B",0.0335084333591093,-0.429579637614347,0.120425818907568,-3.56717223525021,0.336428141491682,0.567478687431824,8.54758171791021e-05,0.0476163666218007,0.000360854311291635,"ExDp2","Maturing deep layer excit. (ExDp2)"
"ZCCHC7",0,-0.982314250230022,0.192690210525136,-5.09789390728742,0.883414643759133,0.756801596228006,7.54508704968309e-05,0.000150334374176322,3.43453204710917e-07,"ExM","Maturing excit. (ExM)"
"CLVS1",0,-0.906396728759412,0.186240604162183,-4.86680513541558,0.399414163839286,0.503891141961383,3.93687758190361e-05,0.000347508944051429,1.13416757196942e-06,"ExM","Maturing excit. (ExM)"
"TTC14",0.246088269779503,0.89093999200524,0.247055975017086,3.60622726061826,0.00237185772222288,0.634354759536592,0.000114203929650599,0.0213807524446002,0.000310681072086485,"ExM","Maturing excit. (ExM)"
"PCNT",0.222440869179061,0.861856561819268,0.2478041026354,3.47797535494132,0.00039241315495714,0.610111501027828,0.000156919257631046,0.0286663512533405,0.000505216373263834,"ExM","Maturing excit. (ExM)"
"SYNGAP1",0.279228700533153,0.849618590543583,0.233637784620031,3.63647768671207,4.41259059571555e-06,0.779467899481789,1.78209503048384e-05,0.0201634233192266,0.00027639157291368,"ExM","Maturing excit. (ExM)"
"SUMO2",0.308192455040052,-0.826974049327167,0.226986928822753,-3.64326727365401,8.20292177815254e-26,0.771851834692724,0.000439561108681367,0.0201177047644514,0.000269199052004735,"ExM","Maturing excit. (ExM)"
"MAN1B1",0.063117321513921,0.822631946129207,0.137295894329003,5.99167185697431,0.19628656668888,0.50677381171282,1.6126755106553e-05,2.12125502881336e-06,2.07694682977809e-09,"ExM","Maturing excit. (ExM)"
"MCM3AP",0.294907658439375,0.800112773530738,0.250354702919839,3.19591669019665,3.8690210215726e-10,0.542259826162483,4.26281831131253e-05,0.0502450408177104,0.00139387352137904,"ExM","Maturing excit. (ExM)"
"GIGYF1",0.321962432245745,0.789425322646792,0.271744970528526,2.90502275391303,7.24928573196098e-06,0.638739972951167,2.12356293280612e-05,0.0945530838562251,0.00367226402705313,"ExM","Maturing excit. (ExM)"
"WDR27",0,0.766804229627517,0.247625216828325,3.09663223903053,0.902637824969349,0.517696038235523,1.29968074764468e-05,0.0624713016104198,0.00195732537682777,"ExM","Maturing excit. (ExM)"
"POMGNT1",0.0593962985384102,0.757397575960916,0.226612789775303,3.3422543216202,0.699997495706468,0.537071186026468,1.97252424929833e-05,0.0374442801357978,0.000831008828079062,"ExM","Maturing excit. (ExM)"
"DCBLD2",0,0.725384637044726,0.177634694066167,4.08357523206884,0.772424896328508,0.651531326926845,5.204915136726e-05,0.00648063162446072,4.43480627586271e-05,"ExM","Maturing excit. (ExM)"
"SMDT1",0.221807704169409,-0.689458745165414,0.194086873477777,-3.55232032342649,2.20309884302765e-15,0.87859635192421,0.000138693935040464,0.0238772957632871,0.00038184970378625,"ExM","Maturing excit. (ExM)"
"SLC4A3",0.00124461966170847,0.67789841184545,0.136152885330005,4.97895002520417,0.0966152104868963,0.821350304338924,2.80117140836011e-05,0.000244852459144788,6.39301459908063e-07,"ExM","Maturing excit. (ExM)"
"ZNF71",0,0.668539280584133,0.232307985376065,2.8778144647154,0.799825773196909,0.824924472305648,3.15164942357124e-05,0.0988078743904022,0.00400440577471118,"ExM","Maturing excit. (ExM)"
"PAXBP1",0.0712814190851998,0.661825867049436,0.0891003849435672,7.42786765139804,0.18393593486192,0.661813845269225,0.00019221038100707,3.38150083882411e-10,1.10362298917236e-13,"ExM","Maturing excit. (ExM)"
"HMGN1",0.209983329690335,0.661074124000232,0.178586741047098,3.70169767433008,0.000449703135070067,0.621137267609579,0.000486722623979947,0.0168254226132618,0.000214161710808489,"ExM","Maturing excit. (ExM)"
"GDI2",0.289173893104958,-0.657486848096235,0.227484521709384,-2.89024872178419,7.76774138345096e-09,0.852562351222912,0.000160589612160163,0.0966760145214927,0.0038493713353858,"ExM","Maturing excit. (ExM)"
"PCBP1",0.234826768953532,-0.627826094985666,0.1884274390416,-3.33192500083311,8.6195237763042e-07,0.683753084994723,0.000252078126971165,0.0377517611377802,0.000862474960719521,"ExM","Maturing excit. (ExM)"
"GGT7",0.0822598136331286,0.624583917601947,0.112352060396685,5.55916745448823,0.254470784675875,0.537487726079232,3.24306968504897e-05,2.07635433149917e-05,2.71064534138272e-08,"ExM","Maturing excit. (ExM)"
"SRA1",0.132321696857554,0.61159628121654,0.165173104255776,3.70275950174952,0.146677854100627,0.570401022599356,2.50060299562127e-05,0.0168254226132618,0.000213267033640027,"ExM","Maturing excit. (ExM)"
"EDRF1",0.218946120672929,0.595447755366667,0.206242048847594,2.88713072185722,0.00460409053357491,0.776309705046648,4.69197334884885e-05,0.0968454847108848,0.0038877267034722,"ExM","Maturing excit. (ExM)"
"INPP5E",0.186733571879689,0.595058957493674,0.179350823418367,3.31784904106962,0.00957013345692467,0.552330332859687,1.02015968925862e-05,0.0391473457245788,0.000907134969466415,"ExM","Maturing excit. (ExM)"
"NDUFV3",0.162605276593734,0.584044948487051,0.147356186407645,3.96349120267915,0.00355711409331666,0.752728865508156,9.3862376227676e-05,0.00870430390421973,7.38615866546061e-05,"ExM","Maturing excit. (ExM)"
"NDUFB6",0.218116248848515,-0.561959049854696,0.189630132428025,-2.96344806945695,0.000294089709749312,0.573242049144503,0.00014022585424058,0.0819991760503684,0.00304213387838055,"ExM","Maturing excit. (ExM)"
"UBQLN1",0.191405436521373,-0.557923137350291,0.172707193400797,-3.23045685801596,0.0088360117358489,0.776998150727877,0.000115882947568366,0.0467515541556766,0.00123592555046012,"ExM","Maturing excit. (ExM)"
"TMEM25",0.0692438378743184,0.549756809237564,0.152806020638376,3.59774311863401,0.439364441992481,0.882774722806014,4.19676825575612e-05,0.0213807524446002,0.00032099040876358,"ExM","Maturing excit. (ExM)"
"NINL",0.191889238317924,0.54789554292849,0.189289778245819,2.89448034651386,0.00867383296202537,0.763241814069127,5.53713413736189e-05,0.0963913719662572,0.00379786683762779,"ExM","Maturing excit. (ExM)"
"RAD23B",0.179492742447796,-0.547184512989506,0.155586101801214,-3.51692411246747,5.8058233644948e-05,0.984623660096985,0.00017788820456577,0.026228956318082,0.000436578581012462,"ExM","Maturing excit. (ExM)"
"ZNF518A",0.115364753731708,0.541637960194976,0.150366577485321,3.60211670208328,0.253666316036867,0.573377286014529,9.6495848792009e-05,0.0213807524446002,0.000315636598732693,"ExM","Maturing excit. (ExM)"
"MITD1",0,0.541509856319211,0.166762416811748,3.24719362235258,0.629703147180444,0.685145495884474,4.32009637297526e-05,0.0450078283555659,0.00116549071414642,"ExM","Maturing excit. (ExM)"
"ADGRL1",0.169536483672554,0.513811013031366,0.168091569301235,3.05673279848184,0.00211870842507476,0.519870178727344,3.09985934720976e-05,0.0685611813419908,0.00223763646677516,"ExM","Maturing excit. (ExM)"
"ZNF337",0.184961553634073,0.513128497920489,0.171310579720424,2.99531119886412,0.00755477136489548,0.864915384886566,9.10187195175792e-05,0.0800039492569211,0.00274164969712034,"ExM","Maturing excit. (ExM)"
"MICAL1",0.211223974605486,0.510503331865797,0.162323514566362,3.14497460968348,5.01872405999307e-11,0.701246092662672,7.33551160689811e-05,0.0557105211965744,0.00166101245035003,"ExM","Maturing excit. (ExM)"
"ALKBH7",0.221740460746674,-0.508741190408619,0.177166374137924,-2.87154485654577,5.14638519948185e-14,0.847422410397511,7.72902597436606e-05,0.0988078743904022,0.00408470806220023,"ExM","Maturing excit. (ExM)"
"UFC1",0.185690970228096,-0.506572563638048,0.154412534982455,-3.28064404677772,0.000776124307031992,0.621966414826415,6.35668631228216e-05,0.0423119455649325,0.00103570362838444,"ExM","Maturing excit. (ExM)"
"SETDB1",0.00167135459280226,0.50618987777744,0.096307528039111,5.25597414951688,0.252434864219943,0.645306431738655,2.60604642119289e-05,9.02304939427736e-05,1.47242973144213e-07,"ExM","Maturing excit. (ExM)"
"POLR1A",0.0734769240603576,0.504798184761051,0.132242174846543,3.81722536964345,0.463094564874449,0.629541199288594,1.39756032318082e-05,0.0134347340605635,0.000134960881136101,"ExM","Maturing excit. (ExM)"
"SNRPF",0.170795648760907,-0.500311702680982,0.155691679212197,-3.21347746528633,0.0142542823363371,0.754910141375869,0.000209789590698736,0.048451691470792,0.00131138088103403,"ExM","Maturing excit. (ExM)"
"MDH2",0.116141220548879,-0.497909672739802,0.12876139040411,-3.86691749116053,0.109000788725426,0.657042786972765,0.000115375087353734,0.0116452811715023,0.000110219697772052,"ExM","Maturing excit. (ExM)"
"NSUN6",0.169475682979394,0.487411723654724,0.155082919313196,3.14291042374808,0.00771955578651854,0.856360757702107,9.32734437591101e-05,0.0557105211965744,0.0016727702186961,"ExM","Maturing excit. (ExM)"
"CLIP3",0.176056537555804,-0.4867546264865,0.133520697974819,-3.64553686334308,2.00307016463627e-16,0.879095869281509,7.22450095077024e-05,0.0201177047644514,0.00026683415988561,"ExM","Maturing excit. (ExM)"
"C2orf68",0.00161738431873873,0.485561497893387,0.130450140779005,3.72219987647214,0.537291568182711,0.626661010485674,4.22666968639951e-05,0.0168089837111489,0.000197494586684517,"ExM","Maturing excit. (ExM)"
"TMEM35A",0.19697400000838,-0.484909790461552,0.162830209978607,-2.97800875233938,7.28417840074374e-05,0.676838187956193,0.000162991687951133,0.0816601172111836,0.00290127699701477,"ExM","Maturing excit. (ExM)"
"ERH",0.0570973594091174,-0.482568214301373,0.0926343284145643,-5.2093885988113,0.323740278599588,0.506762767579903,0.000245844498090107,9.67529104037727e-05,1.89463923767179e-07,"ExM","Maturing excit. (ExM)"
"U2SURP",0.0692137947857753,0.482110579457286,0.102699719750504,4.69437093527144,0.204733491620646,0.709519967047328,0.000440512780059048,0.000744909622192786,2.67428389168428e-06,"ExM","Maturing excit. (ExM)"
"PRPF3",0,0.47545605123054,0.117813969209167,4.03565090304711,0.588205912921781,0.582188141006778,6.03229249518683e-05,0.00758355716470942,5.44511284672347e-05,"ExM","Maturing excit. (ExM)"
"IFT172",0,0.471939889498591,0.125188282733451,3.76984074862212,0.377808606170837,0.642863475897768,1.05905495081541e-05,0.0151669621079469,0.000163351745940681,"ExM","Maturing excit. (ExM)"
"GUF1",0.00231562696838512,0.468272705259448,0.156031819318528,3.00113596896223,0.140066939333281,0.630181443707605,5.25542719642163e-05,0.0792440056875075,0.00268974431837493,"ExM","Maturing excit. (ExM)"
"GPD2",0.146130358361497,-0.467933628807982,0.139774444512219,-3.34777670153484,0.0243106831973422,0.526987764902809,2.57799307968207e-05,0.0372539504834625,0.000814626201825061,"ExM","Maturing excit. (ExM)"
"GPM6A",0.104997724916242,-0.463880532243218,0.0765537802868985,-6.05953788963453,4.16261723230831e-39,1,0.00230973919230923,2.0913817526625e-06,1.36513169233844e-09,"ExM","Maturing excit. (ExM)"
"KIAA1109",0.0834592480402116,0.457521169407676,0.114827193783363,3.98443220924524,0.198202171571664,0.526550285199865,0.000211139527370785,0.00863558563422058,6.76416629312317e-05,"ExM","Maturing excit. (ExM)"
"MPC2",0,-0.43999902081268,0.110868701552928,-3.96864953453639,0.639691050309079,0.752462904839562,6.89282146617904e-05,0.00870430390421973,7.22810942986128e-05,"ExM","Maturing excit. (ExM)"
"HIP1R",0.13657197356806,0.439716990669591,0.117210347577521,3.75152023483906,0.000895049189298544,0.628517682817557,5.08324393457027e-05,0.0158395790946499,0.000175765564366219,"ExM","Maturing excit. (ExM)"
"GART",0.131763325288019,0.438206564405775,0.128571196007612,3.40827944370861,0.0435204097386265,0.861718678217438,7.96041975068078e-05,0.0329362491362349,0.000653739095085208,"ExM","Maturing excit. (ExM)"
"TRMT13",0,0.438020991900896,0.13703432490904,3.19643266160973,0.871074197417129,0.787198181558574,9.37987392369961e-05,0.0502450408177104,0.00139138299562823,"ExM","Maturing excit. (ExM)"
"TERF2IP",0.199473863642271,-0.435712926885888,0.152182918890586,-2.86308693552625,8.37352409264789e-16,0.783288901851267,0.000845434983848026,0.0999922515346852,0.00419535436233564,"ExM","Maturing excit. (ExM)"
"GMIP",0.0855627543304446,0.431620541172251,0.113528550526191,3.80186780480981,0.170466175774558,0.50023377840201,8.00428661504561e-06,0.0137505952575362,0.000143609349948159,"ExM","Maturing excit. (ExM)"
"CSE1L",0.00129575554458449,-0.430675994401927,0.107110261782109,-4.02086585576681,0.219093392839744,0.525540444634342,4.49547804072185e-05,0.00772455966692637,5.79846189096953e-05,"ExM","Maturing excit. (ExM)"
"UNK",0.0463643843617433,0.423327846951863,0.117330694624767,3.60798892656096,0.661163160074389,0.52713029568483,3.87926418650695e-05,0.0213807524446002,0.000308579656934231,"ExM","Maturing excit. (ExM)"
"SHPRH",0.128295152987718,0.415978052275516,0.123656990001334,3.36396715034896,0.0173320256595871,0.801074445144132,0.000163384517764481,0.0356680646192057,0.000768306874956782,"ExM","Maturing excit. (ExM)"
"HLTF",0.0598688012911919,0.410556436332319,0.104629237620617,3.92391692483688,0.356523589935515,0.753100076697296,0.000197774954894415,0.00988659616273081,8.71207886402519e-05,"ExM","Maturing excit. (ExM)"
"TMSB15A",0.182386168144554,-0.41033661077973,0.142939011821065,-2.87071112044206,1.15145605185113e-09,0.555166953157954,0.000369428804555562,0.0988078743904022,0.00409549609907999,"ExM","Maturing excit. (ExM)"
"APEX1",0.111115881763382,-0.401736630077865,0.0970670924088976,-4.13875207455004,0.000854821343858117,0.536962813748389,0.000260737009744192,0.00594416097890946,3.49200057507736e-05,"ExM","Maturing excit. (ExM)"
"TMEFF2",0.339009240004897,-1.63028987982214,0.409649369669248,-3.97972022058386,3.373772858345e-05,1,0.0001540425328773,0.00758960620995588,6.8996420090508e-05,"ExM-U","Maturing upper layer excit. (ExM-U)"
"GRK5",0,-1.38696946479724,0.0844436525992851,-16.4247924160611,0.701842440659486,0.580185562092402,3.24025569472316e-05,3.77540713939668e-57,1.27118085501572e-60,"ExM-U","Maturing upper layer excit. (ExM-U)"
"PCNT",0.259339862511094,1.15278942212649,0.272325231513612,4.23313482823154,3.4408482541448e-11,0.668892011321403,0.000172037468028495,0.00326226868191295,2.30456247174928e-05,"ExM-U","Maturing upper layer excit. (ExM-U)"
"PAXBP1",0.305636698727326,1.08995364828521,0.238075862104275,4.57817789107834,3.9416188534308e-28,0.564033085474537,0.000163811946568678,0.00107158453417525,4.69043735497584e-06,"ExM-U","Maturing upper layer excit. (ExM-U)"
"PCDHGB6",0,1.00522910211023,0.0959232248147079,10.479517385409,0.655968160983103,0.70279903160179,1.72914559811518e-05,1.59325413901998e-22,1.07289841011447e-25,"ExM-U","Maturing upper layer excit. (ExM-U)"
"TCEAL5",0,0.994931762037076,0.234256156415123,4.24719579311277,0.786833914551976,0.590720369707105,0.00015504798187031,0.00326226868191295,2.1646278175114e-05,"ExM-U","Maturing upper layer excit. (ExM-U)"
"YME1L1",0,-0.85956020782054,0.110449150972592,-7.7824066572847,0.425097922656452,0.588877058356112,0.000131205011266147,4.22676758332437e-12,7.11577034229692e-15,"ExM-U","Maturing upper layer excit. (ExM-U)"
"UBE2G2",0.112315169472021,0.772752281192228,0.113528443986588,6.80668433439921,0.0526534236095944,0.522090329544121,8.81206263553102e-05,4.23750007540814e-09,9.98737391510337e-12,"ExM-U","Maturing upper layer excit. (ExM-U)"
"ARPP21",0.301956544632895,0.654686013075257,0.215428895607117,3.03898885630098,4.58370596717888e-117,1,0.00130299945788638,0.0992957316955511,0.00237373634693068,"ExM-U","Maturing upper layer excit. (ExM-U)"
"VPS51",0.000999537619114605,-0.637741519187165,0.0868964703526569,-7.33909578374107,0.0849363703984176,0.944388934088736,4.29562700436204e-05,1.06445631922656e-10,2.15041680651829e-13,"ExM-U","Maturing upper layer excit. (ExM-U)"
"PLXNB1",0.195996313366586,0.622863560524308,0.196252991711166,3.17377867768255,0.0127526641880584,0.62053294897516,1.53523248869113e-05,0.0709196230875971,0.00150468378406178,"ExM-U","Maturing upper layer excit. (ExM-U)"
"NDUFV3",0.137887259407687,0.616224287380908,0.135388985313053,4.55150975506644,0.00153571582744399,0.602065724782736,7.50752656937046e-05,0.00110885761159979,5.32623277605741e-06,"ExM-U","Maturing upper layer excit. (ExM-U)"
"GIGYF1",0.188934081069975,0.615856318768119,0.158589079375933,3.88334632618834,3.4618839490304e-09,0.589698384694319,1.96051865281999e-05,0.0098708100364657,0.000103028656946275,"ExM-U","Maturing upper layer excit. (ExM-U)"
"CTDNEP1",0.203026446746875,-0.594870924179971,0.167364428688473,-3.55434502326206,3.97831181214169e-10,0.765799442146285,2.8318757511395e-05,0.025008836076624,0.000378921758736727,"ExM-U","Maturing upper layer excit. (ExM-U)"
"DDX56",0.160552683852163,0.562424608377145,0.142419049800608,3.94908271867113,0.00328961521596444,0.628473788769083,3.83009106389113e-05,0.00803448911443816,7.84512405113491e-05,"ExM-U","Maturing upper layer excit. (ExM-U)"
"TUBA1A",0.197612290889283,-0.551316473964076,0.142472308646206,-3.86963950540825,1.01492649089837e-72,0.89217475502307,0.00700351441034545,0.0101162282839701,0.000108996399019206,"ExM-U","Maturing upper layer excit. (ExM-U)"
"GART",0.169220535391944,0.529673347225035,0.135888030999251,3.89786608379036,1.2895989323793e-07,0.767439534854472,7.08948405684585e-05,0.00960736128513635,9.70440533852157e-05,"ExM-U","Maturing upper layer excit. (ExM-U)"
"BDP1",0.202104228388171,0.515317693833944,0.158118826279362,3.25905337118736,3.54890435368382e-05,1,0.000766519961890242,0.0582964908274003,0.00111784636371295,"ExM-U","Maturing upper layer excit. (ExM-U)"
"FAM193B",0.194275293932049,0.492409259097386,0.158218749671007,3.11220547578134,1.32321715392591e-08,0.853983832978002,3.65306325821069e-05,0.0811051101451158,0.00185695201679053,"ExM-U","Maturing upper layer excit. (ExM-U)"
"MRNIP",0.141542638459702,0.491849931741247,0.130183580266305,3.77812571090082,1.34176272867179e-05,0.841031247679234,4.02345114660288e-05,0.0123499724310022,0.000158013115278816,"ExM-U","Maturing upper layer excit. (ExM-U)"
"VARS2",0.140930012470658,0.47784777782439,0.146632779186653,3.25880598100185,0.000308289071633455,0.769122377286391,1.82503324629595e-05,0.0582964908274003,0.00111882154113193,"ExM-U","Maturing upper layer excit. (ExM-U)"
"TSC2",0.0028207463295158,0.463417924688756,0.0583237426991831,7.94561362563666,0.591331848408612,1,2.10744194942839e-05,1.4347464004638e-12,1.93231838446304e-15,"ExM-U","Maturing upper layer excit. (ExM-U)"
"NFX1",0.121846666843273,0.456059297296161,0.120261533165202,3.79222919659337,0.0127692738064969,0.562523346055543,6.0101929994157e-05,0.0119844333260421,0.000149301021233522,"ExM-U","Maturing upper layer excit. (ExM-U)"
"CHPF",0,-0.452797242947774,0.111601469197009,-4.05726955214592,0.419994177076376,0.613070778842905,1.04773621220041e-05,0.0058983923721485,4.96497674423274e-05,"ExM-U","Maturing upper layer excit. (ExM-U)"
"SCAF4",0.146798003904474,0.448858470685153,0.137214070503368,3.27122771767154,0.000757973610614421,0.624248969608677,3.62027343369297e-05,0.0578240899999328,0.00107081648148024,"ExM-U","Maturing upper layer excit. (ExM-U)"
"EYA3",0.113500422154862,0.445030674667748,0.137653240597885,3.23298363870546,0.126014104545765,1,1.86241200834231e-05,0.0616675590567135,0.00122504578597512,"ExM-U","Maturing upper layer excit. (ExM-U)"
"CCDC43",0,0.440137116974977,0.143696929355837,3.06295422559144,0.66800344649209,0.678532211648636,7.23054810539631e-05,0.0929879767065947,0.00219163581463355,"ExM-U","Maturing upper layer excit. (ExM-U)"
"SYBU",0,0.437555410543037,0.0461529520048866,9.48055089730141,0.522133031072458,1,0.000203891553128787,2.5041467122569e-18,2.52944112349182e-21,"ExM-U","Maturing upper layer excit. (ExM-U)"
"PNISR",0.170894015029047,0.43496116553289,0.137438940887741,3.16475929400652,9.53486749043508e-08,0.584016221867923,0.000592663444899074,0.0709196230875971,0.00155211296319657,"ExM-U","Maturing upper layer excit. (ExM-U)"
"EPS15L1",0.0936118638870685,0.421542897324859,0.0946997024251059,4.45136454001257,0.0546840885327598,0.74529282360252,4.64469841852609e-05,0.00158387038232116,8.53263505627562e-06,"ExM-U","Maturing upper layer excit. (ExM-U)"
"ITPR1",0.0756888586363929,0.421167423649881,0.0840293620352942,5.01214591481703,0.000436336467746131,1,5.7974194347492e-05,0.00015986429432056,5.38263617240944e-07,"ExM-U","Maturing upper layer excit. (ExM-U)"
"GGT7",0.101526744427099,0.420857165668148,0.0989629595440215,4.25267360239908,0.0190603684116666,0.639321238629238,3.85750823210576e-05,0.00326226868191295,2.112333472861e-05,"ExM-U","Maturing upper layer excit. (ExM-U)"
"SMDT1",0.107319751234103,-0.415196615132439,0.105122621605545,-3.94964098869599,0.00146611158295614,0.80982542264829,0.000127837856732402,0.00803448911443816,7.82684981405549e-05,"ExM-U","Maturing upper layer excit. (ExM-U)"
"FAM118A",0.111847641426057,1.03992932555849,0.263424207908947,3.94773636718285,0.0721031430282366,0.929050626417929,2.78258304472437e-05,0.00525080816700359,7.88936118581507e-05,"ExN","Newly born excit. (ExN)"
"FTH1",0.303913238506549,-0.956221315441982,0.216109760030669,-4.4247021296321,5.55870420968855e-156,0.641770705389116,0.00157924999133023,0.000903885792047121,9.65754435576223e-06,"ExN","Newly born excit. (ExN)"
"UBE2D1",0.141736503642916,-0.928378470199643,0.327310083960151,-2.83638823151159,0.124039787004209,1,0.000112809140559726,0.0919246381349817,0.00456269452308899,"ExN","Newly born excit. (ExN)"
"PFDN5",0.349852745096515,-0.866872733645642,0.258389931182801,-3.35490136816655,1.05707609490816e-29,0.885215405640702,0.000373070007077949,0.0272322516039709,0.00079393286327308,"ExN","Newly born excit. (ExN)"
"PAXBP1",0.136902512166347,0.829872128702213,0.131389150822243,6.31613891640832,0.0332213565201901,0.826035899553464,0.000239905339112542,2.00799028605712e-07,2.68179003146193e-10,"ExN","Newly born excit. (ExN)"
"PCNT",0.106079400387427,0.775787031142086,0.183188810247676,4.23490403203778,0.206362249612348,0.550648232253775,0.000141625443341986,0.00185082365403256,2.28649332885491e-05,"ExN","Newly born excit. (ExN)"
"SCAF4",0.152936767284768,0.731645339373012,0.156550319239728,4.67354741227088,0.035473877473109,0.705810580797176,4.09328235892999e-05,0.000408565755823153,2.96041324184971e-06,"ExN","Newly born excit. (ExN)"
"USP16",0.107763881824655,0.71704870556751,0.156102539925256,4.59344675564436,0.117832199239824,0.657365472150114,0.000157362668953404,0.000522309188146911,4.35984297284566e-06,"ExN","Newly born excit. (ExN)"
"KRBA2",0.209766940132624,0.707304350265124,0.226684044314297,3.12022115365318,0.0302145500613547,0.710191385279262,8.20049335705579e-06,0.0531236282990572,0.00180715306713664,"ExN","Newly born excit. (ExN)"
"UBE2G2",0.256083103935413,0.705063104491259,0.210294334669879,3.35274416972797,0.000636502699003335,0.621288029592049,0.000104863636073307,0.0272322516039709,0.000800146290867926,"ExN","Newly born excit. (ExN)"
"UBQLN1",0.000438588697729232,-0.695967137950308,0.0719441712505183,-9.67371123821645,0.285216009193967,0.721734951046588,0.000107640891309767,1.16797181805955e-18,3.8997389584626e-22,"ExN","Newly born excit. (ExN)"
"CDH24",0.241960491141237,0.685544376099208,0.199179709122004,3.44183842380898,5.56607000791933e-14,0.622408994988508,5.29655197721537e-06,0.0221144283073698,0.000577775247098222,"ExN","Newly born excit. (ExN)"
"SSR4",0.167213367587759,-0.673474377007512,0.144454169029133,-4.66220103949847,0.00187218979631976,0.633703834823243,0.000140082436870093,0.000408565755823153,3.12845355959079e-06,"ExN","Newly born excit. (ExN)"
"ZNF69",0.152241071241105,0.659984520997021,0.189869006481779,3.47599923350501,0.0408275963530615,0.575475100562532,2.89215615704967e-05,0.0208960702459028,0.000508953740670721,"ExN","Newly born excit. (ExN)"
"COX7C",0.183659684690014,-0.656885178435138,0.139543768781658,-4.7073773638933,3.39355389815475e-08,0.838043715323768,0.000654507945156538,0.000408565755823153,2.5092414319205e-06,"ExN","Newly born excit. (ExN)"
"SMDT1",0.138704157133288,-0.654076657921064,0.120671998391349,-5.42028529104025,0.000259175515642002,0.927873314143995,0.000146472724221792,1.52721298201994e-05,5.95039993984017e-08,"ExN","Newly born excit. (ExN)"
"HMGN1",0.227509110806022,0.630177144959938,0.175112726624234,3.59869415038122,2.20080986399714e-11,0.695435472623606,0.000544942632965397,0.0153085978691218,0.000319819045946713,"ExN","Newly born excit. (ExN)"
"ANKRD27",0,0.600906377584673,0.128425117147698,4.67904091450887,0.584235519915896,0.574987456033749,1.13713622404123e-05,0.000408565755823153,2.88219930311682e-06,"ExN","Newly born excit. (ExN)"
"POLR2K",0.172141762926737,-0.598444889076623,0.16865743758647,-3.54828638238858,0.0383427632722147,0.597787340834233,7.31610835095392e-05,0.0163563437338563,0.000387746378999598,"ExN","Newly born excit. (ExN)"
"UBA52",0.204979236808344,-0.594936429071794,0.149076352757135,-3.99081690736709,1.93587478184827e-43,0.639510476493597,0.000516067173971472,0.00448202430039035,6.58460999055677e-05,"ExN","Newly born excit. (ExN)"
"LNX1",0,-0.593254056267133,0.0964933142756012,-6.14813638354984,0.324559280155383,0.646878359995232,6.46662444840499e-05,4.69607677443446e-07,7.83986105915602e-10,"ExN","Newly born excit. (ExN)"
"DDX56",0.179501085849741,0.590453870670222,0.192651531507115,3.06488023246478,0.0684472336511083,0.644970465451256,3.93062632100669e-05,0.0592893411553688,0.00217757179535578,"ExN","Newly born excit. (ExN)"
"HIST1H2BG",0.154223840818466,0.58727533725973,0.202614388463325,2.89848782070101,0.128419449602955,0.612598333147102,1.4848202305162e-05,0.083764494631364,0.00374966871781705,"ExN","Newly born excit. (ExN)"
"ACAP3",0.16557655890302,0.587209745060539,0.12880779982713,4.55880580095785,4.88348796570036e-08,0.501594046836308,3.80600060236363e-05,0.00057689735622526,5.14453143413286e-06,"ExN","Newly born excit. (ExN)"
"PLK2",0.000332063151369632,-0.583702037066829,0.170732070116838,-3.41881895221782,0.1359483585896,0.833921663313456,0.000329588851056725,0.023255087465477,0.000628935587547125,"ExN","Newly born excit. (ExN)"
"MICAL1",0.15371615044439,0.570588610120549,0.122206205222848,4.66906413696469,1.67098544817291e-08,0.701872076823137,7.34205982744845e-05,0.000408565755823153,3.0257491445705e-06,"ExN","Newly born excit. (ExN)"
"KDM6A",0,0.568359468944492,0.163728934849561,3.47134408140332,0.86511682207649,0.582362856104073,2.81396216263173e-05,0.0209593326255381,0.000517859971382244,"ExN","Newly born excit. (ExN)"
"KIAA0232",0.0881776409682805,0.564295450453534,0.123843443283398,4.55652261833698,0.23748425031686,0.831620820831533,0.000179782231074947,0.00057689735622526,5.20074411288214e-06,"ExN","Newly born excit. (ExN)"
"HDAC8",0.0615188028326447,-0.558841141139121,0.195709594054474,-2.85546114302181,0.543378770681065,1,4.46310265471072e-05,0.0887643251352463,0.00429743811172311,"ExN","Newly born excit. (ExN)"
"TMSB15A",0.238877514633637,-0.536541767822574,0.180670761243035,-2.96972107789389,7.77841993584738e-11,0.585454656729538,0.000389583372581515,0.0726000617126389,0.00298070249995133,"ExN","Newly born excit. (ExN)"
"NDUFS4",0.211639271406293,-0.531000433663697,0.169355143942872,-3.13542548104011,4.33584469963973e-07,0.749271723479339,0.000147490632313214,0.0513957035415364,0.00171605020172075,"ExN","Newly born excit. (ExN)"
"COX5B",0,-0.529607484468067,0.185084690978443,-2.86143322642363,0.664052957441731,0.533193865030497,0.000244786781624565,0.0880403607176264,0.00421730330715594,"ExN","Newly born excit. (ExN)"
"CNBP",0.164294569565819,-0.522488264023401,0.156099510139391,-3.34714864612221,0.0269343463989938,0.588163995894701,0.000237283442948913,0.0274757317318037,0.000816474164985151,"ExN","Newly born excit. (ExN)"
"ZNF75A",0.0580195754287928,0.520897092674899,0.116323996960495,4.47798482072279,0.251995909788783,0.709918840079448,6.89719017175752e-05,0.000805986138498714,7.53509578563071e-06,"ExN","Newly born excit. (ExN)"
"NINL",0.00107310904951827,0.520363356769923,0.123564695071027,4.2112624198264,0.513951520698146,0.823473892262828,5.97410324752176e-05,0.00195018686237788,2.539475380058e-05,"ExN","Newly born excit. (ExN)"
"NDUFV3",0.166325704062158,0.515151673046746,0.141556322926087,3.63919931231705,0.00655698404335426,0.710775842763693,8.86309966630427e-05,0.013651562864884,0.000273487069079479,"ExN","Newly born excit. (ExN)"
"AKT2",0.191316449702507,0.51474792673781,0.173307711687917,2.97013861486291,0.000339070510258429,0.716181086057838,2.81612239344063e-05,0.0726000617126389,0.00297665402543764,"ExN","Newly born excit. (ExN)"
"SF3B5",0.126173519160258,-0.498285490578654,0.12762439963503,-3.90431212216166,0.0525165987734535,0.746117248959768,0.000115537442006561,0.0060214644290888,9.44937656651665e-05,"ExN","Newly born excit. (ExN)"
"MDH2",0.161704541508519,-0.492456821886584,0.145507015409431,-3.38441978554023,0.00807304067783489,0.641551842004033,0.000112654915753961,0.0255547601512832,0.000713288573691327,"ExN","Newly born excit. (ExN)"
"MFSD10",0.000688764952131398,0.492228292943768,0.0992634201940502,4.95880851154947,0.277877944458919,0.667847743012939,3.41186013449904e-05,0.000132766168208,7.09268344349917e-07,"ExN","Newly born excit. (ExN)"
"ELF2",0.00208267648903243,0.490357887539327,0.117497050424747,4.17336338032916,0.620316567574945,0.684459754333269,0.000116029064403502,0.00214025314080657,3.00135665822624e-05,"ExN","Newly born excit. (ExN)"
"DYNC1LI1",0.16567007267419,-0.487092091303853,0.157076889955297,-3.10097870821402,0.0177512071911019,0.936510787375621,0.000135092146471387,0.0542465380131795,0.0019288215928446,"ExN","Newly born excit. (ExN)"
"CPSF7",0.0401128244803483,0.484400338439466,0.0894505398615465,5.41528691933253,0.413348168773846,0.852939022944211,3.49179782688764e-05,1.52721298201994e-05,6.11905034532197e-08,"ExN","Newly born excit. (ExN)"
"EIF3L",0.0709034339257811,-0.481573173835495,0.0677751904187774,-7.10544921910058,0.0144305792403811,0.667110446591362,4.65032720832971e-05,1.19731911311581e-09,1.19931797640983e-12,"ExN","Newly born excit. (ExN)"
"TOMM7",0.19863960126632,-0.480077893406554,0.148043129539788,-3.24282453970637,1.33117373843377e-26,0.757090305057187,0.000223577067896433,0.0385284196509485,0.00118351072049658,"ExN","Newly born excit. (ExN)"
"DIDO1",0.0802138839644622,0.47912274136012,0.113659507910742,4.2154215706827,0.300990291403929,0.825752431624642,6.71468294497941e-05,0.00195018686237788,2.49312026075623e-05,"ExN","Newly born excit. (ExN)"
"FAM160A2",0,0.474699205452312,0.147494140905477,3.21842754253219,0.985758339837879,0.593385539589903,1.406671995809e-05,0.0402127206837348,0.00128895532074743,"ExN","Newly born excit. (ExN)"
"BMT2",0.170259124500382,-0.474549256600147,0.169047867427257,-2.80718866095338,0.0224170889448991,0.94668214249659,2.87749663713005e-05,0.0965664577808304,0.00499759631253046,"ExN","Newly born excit. (ExN)"
"PRKCI",0.0104906482871554,-0.468831288196322,0.11906972660204,-3.9374516224705,0.289153064316733,0.884066984549248,0.00010210502461366,0.00536180054749972,8.23515276076751e-05,"ExN","Newly born excit. (ExN)"
"WDR86",0.144674529645565,0.467538743977753,0.159152161228603,2.93768391436539,0.00262552279294189,1,2.62093953527425e-05,0.0779817756683993,0.00330673973618922,"ExN","Newly born excit. (ExN)"
"MYCN",0.0858543424256141,0.465981157827312,0.106139902811929,4.39025423504477,0.104705674340753,0.623852427367761,3.81148539655395e-05,0.000997319245395499,1.13218211497319e-05,"ExN","Newly born excit. (ExN)"
"COX7A2L",0.173044976077989,-0.465175815546184,0.137499911040705,-3.38309902912209,1.00928612843323e-06,0.605492465517784,0.000105415102856703,0.0255547601512832,0.000716727830620298,"ExN","Newly born excit. (ExN)"
"FBRSL1",0.159556516495967,0.464602452254706,0.149527820632744,3.10713050112473,0.011122640139759,0.608238642114131,1.89663017807922e-05,0.0538851795083607,0.00188912983251348,"ExN","Newly born excit. (ExN)"
"MTPN",0,-0.46203004955679,0.0815918649103742,-5.66269750132951,0.895341619573638,0.540510937319239,0.000120256436484327,4.95877866549439e-06,1.49011712819531e-08,"ExN","Newly born excit. (ExN)"
"ALKBH7",0.114256858820682,-0.460142612530958,0.113335959143457,-4.0599878097694,0.041635547454,0.93706747797494,8.54664543696055e-05,0.00341815017860205,4.9075278023335e-05,"ExN","Newly born excit. (ExN)"
"ZNF493",0.154868069364939,0.459957092823857,0.132331046766837,3.47580635128116,0.00103551237665919,0.639186261188722,4.82945694411456e-05,0.0208960702459028,0.000509319909165578,"ExN","Newly born excit. (ExN)"
"SMURF2",0.000211174616918536,0.458626966737958,0.0757759407067442,6.05240875217718,0.436530826402118,0.75172210055186,8.00305920063931e-05,6.10534302175898e-07,1.42695830224751e-09,"ExN","Newly born excit. (ExN)"
"KIF21A",0.203916340119806,0.456254958489636,0.15944765413636,2.86147175360413,2.02951648654047e-15,0.744793075748669,0.000446317501674167,0.0880403607176264,0.004216790770245,"ExN","Newly born excit. (ExN)"
"TSR3",0,-0.452211246059785,0.153437681188028,-2.94719812342333,0.836184207581569,0.632331576121047,3.9470441078726e-05,0.0762221979305774,0.00320667677437488,"ExN","Newly born excit. (ExN)"
"TMEM35A",0.11232624960299,-0.451933213402684,0.108061406828487,-4.18218887451634,0.0262776004232361,0.53246853900316,0.000128225545628664,0.00210903488788867,2.88715961280251e-05,"ExN","Newly born excit. (ExN)"
"MACF1",0.0446310113192837,0.44588081356793,0.0585895733587221,7.61024168648521,0.0308411308632631,0.591551903458449,0.000545029521036808,4.09691799871801e-11,2.7358383964728e-14,"ExN","Newly born excit. (ExN)"
"SRSF7",0,0.445543320114142,0.148200941633846,3.00634608122078,0.548571294304162,0.703863972141353,0.000223881861975716,0.0671103041646126,0.00264407876174434,"ExN","Newly born excit. (ExN)"
"PRPF3",0.109554572896741,0.442053067058662,0.135866939572385,3.25357344803628,0.249979057309386,0.685671209131206,7.10452343095682e-05,0.0375076883915976,0.00113963260221549,"ExN","Newly born excit. (ExN)"
"PSMB7",0.0623336415654839,0.438598129592055,0.145270678082097,3.01917864900574,0.272349355526443,0.895318372771102,0.00023415998949225,0.0658516836456789,0.00253461023217341,"ExN","Newly born excit. (ExN)"
"BACH1",0.202006256447682,0.437976817714077,0.150594630857319,2.90831628737839,5.92963305407974e-31,0.538675732487037,6.91561380161902e-05,0.0824488584583041,0.00363380611569153,"ExN","Newly born excit. (ExN)"
"ZFP30",0.12624820505223,0.435967732267474,0.145324609534006,2.99995805022587,0.115093424554958,0.981341655797472,7.61174509905777e-05,0.0679580076523565,0.00270016791673804,"ExN","Newly born excit. (ExN)"
"DUSP12",0.00105068145520008,-0.434016492731219,0.114071111874828,-3.80478883389401,0.2516528905773,0.745791304914963,5.41589689058655e-05,0.00830472591958358,0.000141925215853387,"ExN","Newly born excit. (ExN)"
"ZNF263",0.106627729895387,0.429301924862275,0.134359500393551,3.19517357242927,0.260569958265402,0.828241306775232,2.65503165117116e-05,0.0427083233899915,0.00139746767686783,"ExN","Newly born excit. (ExN)"
"TTLL7",0.184619317632083,-0.424824762466721,0.148468920006619,-2.86137167595602,5.33175683183799e-06,0.526646337497166,0.000290943675263395,0.0880403607176264,0.0042181222459786,"ExN","Newly born excit. (ExN)"
"ARHGEF10L",0.1283831913258,0.423635036816367,0.148110884306503,2.86025594135059,0.0825056770127008,0.636140435767391,2.04559643184667e-05,0.0880403607176264,0.00423299230161542,"ExN","Newly born excit. (ExN)"
"VEZF1",0.0851765782651424,0.420670991350003,0.0956510314693739,4.39797652871831,0.108628131559902,0.873034677791552,0.000199657868479465,0.000991660762201722,1.0926479182857e-05,"ExN","Newly born excit. (ExN)"
"WDR33",0.132557001513366,-0.420257739393722,0.112171794959018,-3.74655446627437,0.000175322697024903,0.754058482035103,7.76894740393612e-05,0.00958828344736336,0.000179280091169398,"ExN","Newly born excit. (ExN)"
"CYTH1",0.0221145519872136,0.419651431852659,0.0730268440142224,5.74653659921178,0.337652313138295,0.58692603634413,0.000106882392585414,3.41017894059158e-06,9.10899216184729e-09,"ExN","Newly born excit. (ExN)"
"C9orf16",0.0828262963838986,-0.41706221611675,0.0769435896969531,-5.42036338256864,0.00590824439453841,0.555205733544645,7.50923370520669e-05,1.52721298201994e-05,5.94780111920303e-08,"ExN","Newly born excit. (ExN)"
"TRO",0.000296825693102619,0.416621981645552,0.0933659524179576,4.46224743448792,0.461168348099305,0.669688422517446,5.35278054058081e-05,0.000837613672397,8.11044958247512e-06,"ExN","Newly born excit. (ExN)"
"GGT7",0.126167432672055,0.415139168770949,0.129495121266685,3.20582864211542,0.0484106546530204,0.57814981115143,3.48841477672292e-05,0.0415823829054293,0.00134674161663661,"ExN","Newly born excit. (ExN)"
"CACNB1",0.125030299683658,0.414776328249331,0.116092433505518,3.57281104138124,0.00474922058380516,0.761032617651969,1.39061694829741e-05,0.0156533432423618,0.000353169608505724,"ExN","Newly born excit. (ExN)"
"PCDHGB6",0,0.407489468117706,0.145382378749326,2.80288073164848,0.86862227228413,0.627261390318406,1.54329505757093e-05,0.0966190733382576,0.00506483957065324,"ExN","Newly born excit. (ExN)"
"NDUFB11",0.180356542939422,-0.40645527683199,0.136131798510795,-2.98574823280365,2.13405820874133e-11,0.958008260332121,0.000266467251866692,0.0706034907997821,0.0028288543893068,"ExN","Newly born excit. (ExN)"
"UFC1",0.123160803194475,-0.40526144946777,0.112963780534185,-3.58753440750092,0.0080467069578948,0.662737643584588,6.77338069577928e-05,0.0153813843097316,0.000333819692865627,"ExN","Newly born excit. (ExN)"
"TIMM17A",0,0.400447457625858,0.130453109455031,3.06966586920566,0.880914656123265,0.606818596439271,5.48185386855591e-05,0.058882901228622,0.00214298371750244,"ExN","Newly born excit. (ExN)"
"PIP5K1A",0.112061873762833,0.900913093022762,0.273710410139681,3.29148274836534,0.446609115055252,0.581770034377384,2.13315329479724e-05,0.0957922476446238,0.000996607291786281,"InCGE","Interneurons (InCGE)"
"ZBTB37",0,-0.874777236343516,0.126110265452554,-6.93660609788053,0.325616231356781,0.801886903768781,4.72874578183229e-05,1.17557581465855e-08,4.01631641495918e-12,"InCGE","Interneurons (InCGE)"
"PFDN5",0.00127800503650247,-0.815579735815803,0.122480011814969,-6.6588802836491,0.379833808286123,0.860103195149504,0.000362486580167396,4.03811207854558e-08,2.7592156327609e-11,"InCGE","Interneurons (InCGE)"
"DLGAP1",0.0555809786842372,-0.784624733502537,0.133924813300438,-5.85869574253102,0.0898601533337553,0.51427882904145,5.99197786058251e-05,4.55164610810001e-06,4.66516512617015e-09,"InCGE","Interneurons (InCGE)"
"DPH7",0,-0.755859171603033,0.227741268292714,-3.31893809703182,0.424689784872815,0.911565751944279,2.79832365050378e-05,0.0944589503802086,0.000903604581703397,"InCGE","Interneurons (InCGE)"
"SCAF4",0.0275646723921582,0.751040783089432,0.16595113042911,4.52567440274388,0.574958393419591,0.59505994477596,3.4509944179446e-05,0.00289495180288955,6.02032091990624e-06,"InCGE","Interneurons (InCGE)"
"GABPA",0.197778749100493,0.743338727809142,0.187458449745921,3.96535194234592,0.0184134407759407,0.521415816556461,2.88586232564583e-05,0.0143008794313509,7.32877319679752e-05,"InCGE","Interneurons (InCGE)"
"ZNF589",0.00053701177529419,0.666162666592585,0.184354729251626,3.61348292662099,0.138498273144643,0.614985357831116,1.08380596994111e-05,0.0442139825323815,0.000302111257481254,"InCGE","Interneurons (InCGE)"
"ZNF322",0,0.595338258767639,0.18212671281387,3.26881350664943,0.468776054722538,0.801785213168454,2.5883186690692e-05,0.0957922476446238,0.00107999459250857,"InCGE","Interneurons (InCGE)"
"SF3B5",0.173484356077302,-0.590190174734028,0.162915821104769,-3.6226694911017,0.00969243746404365,0.873677210440205,0.000135290304807217,0.0442139825323815,0.000291578283159357,"InCGE","Interneurons (InCGE)"
"TOMM22",0,0.584304516673754,0.159241032476786,3.66930876788263,0.871051130816483,0.635136762415202,6.73491803662278e-05,0.039548191212839,0.000243207188872942,"InCGE","Interneurons (InCGE)"
"RNF11",0,-0.56181444580216,0.124957859930005,-4.49603127099695,0.821370150515806,0.660525454636967,0.000107498671844135,0.00289495180288955,6.92335586615198e-06,"InCGE","Interneurons (InCGE)"
"CAMLG",0.163152995049794,-0.547614997166429,0.152152060526753,-3.59912968165253,0.00854692037012082,0.798278762522122,0.000239853633514939,0.0445021009518985,0.000319283949432821,"InCGE","Interneurons (InCGE)"
"CLPTM1",0,-0.534860019291309,0.153164262611947,-3.49206799399685,0.861054967785566,0.541769857848368,2.19414627580685e-05,0.0609956539314652,0.000479296221531842,"InCGE","Interneurons (InCGE)"
"GRINA",0.081527250317711,-0.533877745120422,0.150638700827607,-3.54409419483376,0.505378158885824,0.701837777012053,6.51724275707678e-05,0.0524151814579037,0.000393964466031391,"InCGE","Interneurons (InCGE)"
"DYRK1A",0.108232877326344,0.513651150105666,0.122045823700267,4.20867453332236,0.125275300134926,0.521708972994681,3.48463575275686e-05,0.00683515899454309,2.56873074615558e-05,"InCGE","Interneurons (InCGE)"
"RNF103",0.0670024693520733,0.509576543588314,0.116412908194088,4.37731993378886,0.300597477956914,1,2.1353461722775e-05,0.00351671875669105,1.20147548913257e-05,"InCGE","Interneurons (InCGE)"
"TRIM23",0,-0.509053971689391,0.11555719839774,-4.40521212652857,0.957658635822336,0.526007771836591,5.56218419570289e-05,0.00343696180821975,1.05680410912121e-05,"InCGE","Interneurons (InCGE)"
"CHAMP1",0.00294759447893843,-0.508300004987133,0.136186686186184,-3.73237663109172,0.38724335039432,0.651953988261211,4.69131510963769e-05,0.0326587090298937,0.000189681603521761,"InCGE","Interneurons (InCGE)"
"SMYD2",0,0.475470180774596,0.142410437370855,3.33873127245872,0.737153805835509,0.560870056683923,1.9705886006142e-05,0.0912377761599713,0.000841619390611283,"InCGE","Interneurons (InCGE)"
"GABPB1",0.109126224449553,-0.464277426645119,0.111631045566822,-4.15903500937114,0.0500139280977598,0.788279568961238,8.47771809471905e-05,0.00779545269860291,3.19594917605859e-05,"InCGE","Interneurons (InCGE)"
"SUGT1",0.125714291435486,-0.418727706802055,0.128860845923004,-3.24945644895309,0.0521427322469912,0.943240679704584,0.000171620640389835,0.0995401949687615,0.00115625781651448,"InCGE","Interneurons (InCGE)"
"ZNF627",0.0925083850085172,0.409261537266586,0.12180289836562,3.36003118774801,0.134379131486452,0.564319575599302,2.58185380330712e-05,0.0877353325405503,0.000779336742758561,"InCGE","Interneurons (InCGE)"
"NIPBL",0.0571877934208469,0.405868856268279,0.0890912062016059,4.55565564293553,0.362600550934024,0.740186484117035,0.000457753035986427,0.00289495180288955,5.22224299773182e-06,"InCGE","Interneurons (InCGE)"
"SFPQ",0.000800779145069336,0.40158159883684,0.0774003889635071,5.1883666763765,0.0787588382020581,0.776606138694125,0.00106753752647191,0.000155238248324713,2.12146564160865e-07,"InCGE","Interneurons (InCGE)"
"UQCRH",0.240591805955045,-1.07750110777558,0.262635726073809,-4.10264484532757,0.00920116487462137,0.72945144584533,0.000243357848217975,0.00955812267800253,4.08453986440686e-05,"InMGE","Interneuron (InMGE)"
"ARL4D",0.393925849127802,1.05237052950406,0.336217935290781,3.13002496013161,9.16135613083295e-08,1,0.00017480888585415,0.0808795925258162,0.00174791450605731,"InMGE","Interneuron (InMGE)"
"SHANK1",0,-0.945560469421167,0.298080084830757,-3.17216921740356,0.953977886864269,0.50731664055107,3.12253309763357e-06,0.0776698056470361,0.00151304816195525,"InMGE","Interneuron (InMGE)"
"SHTN1",0.158006998932097,0.927447435570784,0.193134882562276,4.80207108765933,0.0642467369003144,0.914680343776428,0.000529208941546594,0.000690944852581488,1.57032921041247e-06,"InMGE","Interneuron (InMGE)"
"FAN1",0,-0.836743844652288,0.268821638248683,-3.11263576140485,0.823737879445772,0.777875551014131,6.81678511695688e-05,0.0812045868234889,0.00185424708447568,"InMGE","Interneuron (InMGE)"
"PCNT",0,0.819394370090306,0.24109416505073,3.39864869777288,0.747378655059971,0.553656078168427,0.000142399054308507,0.0485061602616494,0.000677196393263287,"InMGE","Interneuron (InMGE)"
"CWC22",0.0269074824588685,-0.745501816754576,0.227097206869081,-3.28274322274845,0.408271990932741,1,0.000144712791276264,0.0597416904517195,0.00102802259543543,"InMGE","Interneuron (InMGE)"
"C1QBP",0.00175634888372541,-0.741035052976911,0.213450877358999,-3.4716889531945,0.326406159976745,0.509964281174856,7.20945697978156e-05,0.040845160432035,0.000517195213262781,"InMGE","Interneuron (InMGE)"
"GPRASP2",0.240643787464906,0.740491879339088,0.237106354345058,3.12303683882491,0.00932290116689177,0.661538668343402,1.76989400925071e-05,0.0808795925258162,0.00178995342371787,"InMGE","Interneuron (InMGE)"
"JPH3",0.175912704289759,0.733056644729198,0.224334792551214,3.26769038539506,0.128906411556365,0.55019921826314,2.62300167015081e-05,0.0618446384884927,0.00108428911635669,"InMGE","Interneuron (InMGE)"
"DAB2IP",0.134884323539687,0.716025874631967,0.203401163617416,3.52026439720257,0.24676203324287,0.838015100150249,1.94727148600642e-05,0.0379382795650322,0.000431116813239002,"InMGE","Interneuron (InMGE)"
"UBE2G2",0.144362554782463,0.702693142554004,0.18882072088195,3.72148321048581,0.19691928413556,0.587693678474434,9.91934386094521e-05,0.0225930589434695,0.000198056036192752,"InMGE","Interneuron (InMGE)"
"UBB",0.048263424741536,-0.702150482166947,0.0842182174998633,-8.33727550892521,0.346447157112862,0.60310025899135,0.00114486062909644,2.34147119807272e-13,7.60217921452182e-17,"InMGE","Interneuron (InMGE)"
"GABRA2",0.154471330502783,-0.679806970265431,0.180847230354098,-3.75901233839396,0.117034036925464,1,9.95265728072822e-05,0.0218917963588617,0.000170585426172949,"InMGE","Interneuron (InMGE)"
"USP16",0.00168257174722995,0.671230294092371,0.136377592668375,4.92185175701541,0.41286177725177,0.721698145659055,0.000172762871174496,0.000526351949931781,8.57291440964962e-07,"InMGE","Interneuron (InMGE)"
"ARL14EP",0.0943919488424665,-0.670433364776347,0.15420610901701,-4.34764464942431,0.31244530174722,0.927107958295473,0.000122868986437843,0.00423830530900479,1.37607315227428e-05,"InMGE","Interneuron (InMGE)"
"TIMM21",0,-0.662739511943201,0.197345605721564,-3.35826840187292,0.364410533009171,0.827694734009984,7.4534931331906e-05,0.0525156172815813,0.000784324154205435,"InMGE","Interneuron (InMGE)"
"POU3F3",0.130806517788934,0.640509256897231,0.122306915068322,5.23690141754809,1.3820215442597e-06,0.619030908548253,0.000330626641994521,0.000125737039298158,1.63294856231374e-07,"InMGE","Interneuron (InMGE)"
"CCDC106",0,-0.625617053950856,0.155248370974426,-4.02978176211533,0.744773357003576,0.558131104307654,1.67639175070083e-05,0.0106130146948138,5.58286606119556e-05,"InMGE","Interneuron (InMGE)"
"PIAS1",0.146054627324139,-0.621662296663331,0.203754663720615,-3.05103346010153,0.224583237925241,0.858039485979537,0.000101236760737084,0.0900525498277269,0.00228055158654633,"InMGE","Interneuron (InMGE)"
"NCBP1",0.00240362752250777,-0.615505507825843,0.158085043108429,-3.89350880844352,0.275427856650669,1,5.32784248852262e-05,0.0138326458254484,9.88046130389173e-05,"InMGE","Interneuron (InMGE)"
"RBM26",0.192292003157642,-0.612830159773554,0.195322526604977,-3.13752934915157,0.0199903816100256,0.850767763249632,0.000221579599004141,0.0808795925258162,0.0017037821571817,"InMGE","Interneuron (InMGE)"
"PCBP1",0.0923976886472162,-0.606618241053878,0.151877525284937,-3.99412776785639,0.480911175350243,0.655645693304061,0.000241715821035124,0.0111107310319981,6.49328436934956e-05,"InMGE","Interneuron (InMGE)"
"TNPO3",0.000976665619543319,-0.555247647833703,0.14137027955737,-3.92761229285379,0.225895982016921,0.732891455023723,7.65913585506809e-05,0.0125830271701083,8.57933670689204e-05,"InMGE","Interneuron (InMGE)"
"TBCC",0.11248496728741,-0.527152227202494,0.16895508065937,-3.12007324754728,0.399953540723218,0.966517891509061,9.79601469502631e-05,0.0808795925258162,0.00180806073843828,"InMGE","Interneuron (InMGE)"
"FBXO21",0.106601104729758,-0.523764636780536,0.150433920429083,-3.48169239548235,0.425410465856342,1,0.000199385713989403,0.0403849356743977,0.000498255699878932,"InMGE","Interneuron (InMGE)"
"ZNF714",0,-0.513467964524299,0.149275278027242,-3.43973879204962,0.667354877962571,1,0.000114173589392292,0.0437416991514726,0.000582275865328044,"InMGE","Interneuron (InMGE)"
"RAB4A",0.00244392530335357,-0.51327452129001,0.166847960211745,-3.07630084682258,0.395659976462855,0.505288855029053,5.15560649883462e-05,0.0873771803780315,0.00209586259559953,"InMGE","Interneuron (InMGE)"
"EIF4G2",0.210013166936887,-0.510978253401136,0.161633524494378,-3.16133831146464,7.10820895399497e-09,1,0.000877667568925804,0.0780163901351883,0.00157045980142262,"InMGE","Interneuron (InMGE)"
"OBSCN",0.12102954805674,0.507656478293843,0.126212238027449,4.0222444845914,0.0579202575550757,1,2.38348014094445e-05,0.0106130146948138,5.76461755289021e-05,"InMGE","Interneuron (InMGE)"
"SOX4",0.174046480390334,0.500853702345555,0.124638042608174,4.01846572575031,1.0230326778256e-47,0.803768855726697,0.00387237685157547,0.0106130146948138,5.85783278609854e-05,"InMGE","Interneuron (InMGE)"
"CEP89",0,-0.500016166270574,0.13807918017236,-3.62122780310848,0.711681935521932,0.831778252728674,0.000140091237369351,0.0282212884065847,0.000293208191237244,"InMGE","Interneuron (InMGE)"
"ARPP19",0.10993856008234,-0.489432532352417,0.144383685248527,-3.38980495968058,0.258031231877686,0.538356081130546,0.000130298196518903,0.0489596565277502,0.000699423664682145,"InMGE","Interneuron (InMGE)"
"RNF115",0,-0.483546928604471,0.129479566541867,-3.73454238007598,0.726863782626626,0.906873045193126,8.39317717311076e-05,0.0225930589434695,0.000188056822959749,"InMGE","Interneuron (InMGE)"
"NDUFV3",0.02179232460569,0.480365534384416,0.103794255622673,4.62805510288263,0.365142576226564,0.611705024304194,7.62772490368616e-05,0.00142109589161843,3.69115816004787e-06,"InMGE","Interneuron (InMGE)"
"MIEN1",0,0.48015037468197,0.149095314877558,3.22042563896985,0.946570072505011,0.627652693620122,7.49344522883614e-05,0.0716802212165424,0.0012800039502954,"InMGE","Interneuron (InMGE)"
"MORC3",0.136971410929551,0.478904039511396,0.137207901694671,3.49035320558362,0.0420762880503282,0.778903397365944,8.23046561272465e-05,0.0403849356743977,0.000482382540998693,"InMGE","Interneuron (InMGE)"
"NUP88",0.00128328347595998,-0.474498479321917,0.150577479151256,-3.15119154601652,0.49193518786675,0.721370920857157,4.91030025919459e-05,0.0794961754125996,0.00162605813343954,"InMGE","Interneuron (InMGE)"
"ACTR10",0.104917180699137,-0.473522152203369,0.122539854011382,-3.86422977262064,0.0868050383027924,0.808445909888283,8.7254140926752e-05,0.0149233075671759,0.000111440283780859,"InMGE","Interneuron (InMGE)"
"RAD23B",0.0960254621523597,-0.472460874073622,0.143920943503303,-3.28278055002314,0.0421893649679332,0.700269021265094,0.000126514935557821,0.0597416904517195,0.00102788649060375,"InMGE","Interneuron (InMGE)"
"PAXBP1",0.159033779039374,0.461477555984481,0.144648213961785,3.19034396170561,0.0148097080559125,0.841991504846828,0.000244539320396793,0.0757284127399463,0.00142103554956175,"InMGE","Interneuron (InMGE)"
"LSM7",0.171403974516667,-0.458167454238133,0.143656558725768,-3.1893250005574,0.000418976446076411,0.984313235018701,0.000279791121982917,0.0757284127399463,0.00142605452562237,"InMGE","Interneuron (InMGE)"
"SPATA7",0,-0.456250445947828,0.132218396342875,-3.45073347255444,0.447437389846785,0.759498521386768,5.25070665527044e-05,0.0430480340725273,0.00055906537756529,"InMGE","Interneuron (InMGE)"
"VKORC1L1",0.00249596401177653,-0.449920040866781,0.132181786517659,-3.40379754820967,0.323614104491084,0.978828270030225,3.86847399898696e-05,0.0485061602616494,0.000664559890028994,"InMGE","Interneuron (InMGE)"
"ZNF568",0.120410271259077,-0.442035353695567,0.145206540109393,-3.04418350139433,0.140885992102929,1,7.78950399328204e-05,0.0903451133018716,0.00233312781189192,"InMGE","Interneuron (InMGE)"
"DDX17",0.0671723042762663,-0.439948608061304,0.083885115703937,-5.24465638950839,0.154516295653534,0.999177104002315,0.000809596811820898,0.000125737039298158,1.56573849559538e-07,"InMGE","Interneuron (InMGE)"
"BTG1",0.163667077580698,-0.436917583953812,0.138023392061877,-3.16553286676174,0.000604761591026645,0.638005534331696,0.000538772442630152,0.0780163901351883,0.00154799172462452,"InMGE","Interneuron (InMGE)"
"ZNF24",0,-0.435795976938884,0.132235917938431,-3.29559459890308,0.571072862090395,0.700768889013802,0.000143813924563656,0.0597416904517195,0.000982136307717688,"InMGE","Interneuron (InMGE)"
"BRAF",0.0745245817200387,-0.43270431106817,0.141330687114716,-3.06164443053297,0.335043946564876,0.977648658589113,5.66976773827803e-05,0.0880499065494564,0.00220124766373641,"InMGE","Interneuron (InMGE)"
"ACBD5",0.00160010968767045,0.430127974177514,0.117771654483533,3.65221984919686,0.476067786738087,0.705416773442571,0.00016080300173693,0.0276120042342199,0.000259983156750772,"InMGE","Interneuron (InMGE)"
"FAM104B",0.00226975133212238,-0.411431776964214,0.137430326097478,-2.99374809510668,0.438979730495553,0.619079752154195,2.90174815768893e-05,0.0998548184047685,0.00275573362480692,"InMGE","Interneuron (InMGE)"
"R3HDM2",0.0873219708296769,0.409634467878303,0.122545713732186,3.34270743057997,0.275318669073263,0.69141918220971,0.000104235889183644,0.0533878259685863,0.000829653217239759,"InMGE","Interneuron (InMGE)"
"PRMT2",0.162302941838673,0.408439916259663,0.131338164997335,3.10983419227726,2.82296877431323e-09,0.811706222264599,0.000444319604707873,0.0812045868234889,0.00187192391703497,"InMGE","Interneuron (InMGE)"
"TTLL7",0.000560034394333914,-0.407317861376323,0.116847626998161,-3.48588903207024,0.518778083268776,0.512256670074059,0.000282994160707208,0.0403849356743977,0.000490504430489634,"InMGE","Interneuron (InMGE)"
"MYO18A",0,0.404838948640283,0.108740397747794,3.72298572586833,0.880458962856113,0.627649367246554,4.60603237805402e-05,0.0225930589434695,0.000196880656729598,"InMGE","Interneuron (InMGE)"
"RAB11B",0.0300930564818756,-0.401935264275335,0.0634456348506461,-6.33511297067968,0.320081407264509,0.633631584512207,0.000113518398226401,3.65237848762057e-07,2.37167434261076e-10,"InMGE","Interneuron (InMGE)"
"SMNDC1",0.1065145310272,-0.400202081045908,0.133559987762922,-2.99642196550882,0.234508224112399,0.830133306907536,9.77184497271192e-05,0.0998548184047685,0.00273168143263609,"InMGE","Interneuron (InMGE)"
"ERH",0,-1.04348110967399,0.237782050359237,-4.38839310241255,0.74275654175282,0.674051174612436,0.000327000686141594,0.00678878928744598,1.14191237732104e-05,"IP","Intermediate progenitors (IP)"
"ZNF117",0.0732626521268726,0.740420456558323,0.167749502370462,4.41384591963295,0.343243005306557,0.903215903946857,9.0279378484424e-05,0.00678878928744598,1.01550246830591e-05,"IP","Intermediate progenitors (IP)"
"ZNF768",0.142967333634517,-0.705996868764187,0.205620829797971,-3.43348905584056,0.232721947736453,0.591526864226806,1.48555830908065e-05,0.0785692223459299,0.000595866258311494,"IP","Intermediate progenitors (IP)"
"PDE9A",0.00254081293635575,0.670980335206164,0.191679016892913,3.50054140553646,0.0819868245279541,0.830145006261022,6.62877712395696e-05,0.0756285734976434,0.000464314102369064,"IP","Intermediate progenitors (IP)"
"EIF3A",0.18453612524506,-0.662237719338697,0.196127296839935,-3.3765708802848,0.0838301520934873,0.690839361537155,0.000535494725940032,0.0812928098900113,0.000733954585500283,"IP","Intermediate progenitors (IP)"
"CLIP3",0.229564331507648,-0.657118525583995,0.194032115282,-3.38664825989739,0.000235129629656203,0.849065208403561,6.97770586772393e-05,0.0812928098900113,0.000707520356878515,"IP","Intermediate progenitors (IP)"
"PAXBP1",0.0957666587196421,0.635213861252703,0.161002684732098,3.94536191933491,0.332749279069378,0.862556443998706,0.000250511989022608,0.027579079998763,7.96795377356822e-05,"IP","Intermediate progenitors (IP)"
"UBA52",0.181347430226631,-0.621963645157868,0.143305364648212,-4.34012813605878,3.13713458424731e-07,0.84280198247838,0.000680117767108272,0.00678878928744598,1.42399655997126e-05,"IP","Intermediate progenitors (IP)"
"SMDT1",0.0752584967822312,-0.62029204809757,0.143155903284123,-4.33298267041401,0.529972982515829,0.876489896048668,0.000138361412996948,0.00678878928744598,1.47102693119089e-05,"IP","Intermediate progenitors (IP)"
"LSM2",0,-0.610238085548582,0.158839212426291,-3.84186043375001,0.835190500334724,0.616376157704575,7.02662282692981e-05,0.0281757897248055,0.000122105264246178,"IP","Intermediate progenitors (IP)"
"CLIP1",0,0.595980529473304,0.154850058073267,3.84875883734778,0.752748728347365,0.640700889866854,0.000259865687226149,0.0281757897248055,0.000118717811665378,"IP","Intermediate progenitors (IP)"
"EIF3L",0.194854509748533,-0.584848205661515,0.169674886329787,-3.446875482355,0.00604763484922193,0.653592984287136,4.55609899909973e-05,0.0785163650735991,0.000567109895800644,"IP","Intermediate progenitors (IP)"
"KLF13",0.103105196339161,-0.572257129050876,0.165392943320518,-3.45998515754017,0.193441447199798,0.712298166283266,8.91862850842979e-05,0.0785163650735991,0.000540205163298221,"IP","Intermediate progenitors (IP)"
"DVL3",0.000628334628459753,-0.546337580131286,0.111441100307425,-4.90247833720362,0.382055174941831,0.563305713191459,3.10615716833428e-05,0.00131022232156129,9.4635053922809e-07,"IP","Intermediate progenitors (IP)"
"CBLN2",0,0.543010733001653,0.13988596887473,3.88180985819906,0.389769649767209,1,3.42248929227379e-05,0.0281757897248055,0.000103681933490441,"IP","Intermediate progenitors (IP)"
"TSPAN3",0.000878731590243894,-0.537571381704098,0.143763583853397,-3.73927365536662,0.0367251651126696,0.502471275742237,0.000140275814861581,0.0393097327340481,0.000184552735840601,"IP","Intermediate progenitors (IP)"
"JAM2",0.012605557163118,0.498756822493256,0.146009036824054,3.41593118715162,0.2296390709104,0.529476950358186,7.62379341907654e-05,0.0800043487560259,0.000635643074262394,"IP","Intermediate progenitors (IP)"
"COX7A2L",0.107036023208095,-0.497602950308002,0.134288435815034,-3.70547878741687,0.180974587852157,0.67022819521819,0.00011668547200826,0.0417311616193898,0.000210991788613744,"IP","Intermediate progenitors (IP)"
"COX7C",0.0968168015273917,-0.492212166161787,0.0999740808544705,-4.92339776424938,0.0820735978676466,1,0.000780994992491145,0.00131022232156129,8.50543213441349e-07,"IP","Intermediate progenitors (IP)"
"PSIP1",0,-0.488779247718052,0.141212839064397,-3.46129467374531,0.787242228866435,0.566265753133693,0.000557742241403723,0.0785163650735991,0.000537584026391105,"IP","Intermediate progenitors (IP)"
"METTL9",0.108422216701522,-0.47591764561204,0.13985820430171,-3.40285825910765,0.235746893271511,0.580142030836129,0.000150850134638472,0.0802827792631553,0.00066684865404571,"IP","Intermediate progenitors (IP)"
"GABPA",0.00123093675124119,0.471243622263255,0.130555097261796,3.6095382880248,0.687457095317833,0.858942489719561,4.753959684899e-05,0.0566246650261263,0.00030674249743297,"IP","Intermediate progenitors (IP)"
"PRDX2",0.109830584637806,-0.410247868121371,0.103675039845718,-3.9570553214339,0.0238770787800504,1,0.000430808866185437,0.027579079998763,7.58793626055617e-05,"IP","Intermediate progenitors (IP)"
"PFDN5",0.195977702722347,-1.08464661294509,0.269116832558612,-4.03039305506414,0.157283393768997,0.651713440508564,0.00027466166575281,0.068128957966952,5.56836599648157e-05,"OPC","Oligodendrocyte precursors (OPC)"
"HNRNPA3",0.00104138127501017,0.902431930302432,0.207943540924416,4.33979303367951,0.184684701377185,0.727689167227073,0.00101813999701163,0.0348983732467454,1.42616972810565e-05,"OPC","Oligodendrocyte precursors (OPC)"
"IMPDH2",0,-0.589247631386377,0.134049087461693,-4.39576010955514,0.976454527063662,0.882331064923228,0.000130907627297098,0.0125811545308961,1.10385790734259e-05,"oRG","Outer radial glia (oRG)"
"HMGN1",0,0.545448772146703,0.112809378338737,4.8351367606057,0.665768059854381,0.703678955158154,0.000551402218727155,0.00377740668020722,1.33054127516986e-06,"oRG","Outer radial glia (oRG)"
"PLS3",0,-2.13059005371112,0.458843778615083,-4.64338878069096,0.499354868990935,0.562914251435846,0.000328171939207217,0.00564150911806829,3.42740529651779e-06,"Per","Pericytes (Per)"
"ALKBH5",0,-1.54521659616771,0.362574951642311,-4.26178529203006,0.677548859914018,0.84903348890137,4.16594555502068e-05,0.0166904598676205,2.02800241404866e-05,"Per","Pericytes (Per)"
"C12orf57",0,-1.17779430253048,0.324276274539161,-3.63207053678005,0.696908170737119,1,0.000379080889293545,0.0925566344979263,0.0002811562408807,"Per","Pericytes (Per)"
"NME2",0,-1.07826420409152,0.277669317792905,-3.88326737956594,0.959131142063955,0.743835184537655,3.47279111903533e-05,0.0565467545752139,0.000103062128630402,"Per","Pericytes (Per)"
"UQCRB",0,-0.784112242587972,0.211445052102391,-3.70834992255231,0.763498695207305,1,0.000556673533452717,0.0858447609423153,0.000208614242873184,"Per","Pericytes (Per)"
"SUMO3",0.250765491212648,0.96159133051961,0.271021774236837,3.54802241711881,0.0109109806492908,0.612356851160311,5.97028722280966e-05,0.0921069465794133,0.000388135185455964,"PgS","Cycling progenitors (PgS)"
"UQCRH",0.18170462151774,-0.788868441438715,0.222525615722043,-3.54506800881788,0.0657084358713734,0.754032091817882,0.000251558384587816,0.0921069465794133,0.000392511798105663,"PgS","Cycling progenitors (PgS)"
"HMGN1",0.166879034735136,0.776293699123529,0.159940330724528,4.85364570403804,0.0103546741767392,0.960484927830882,0.000752635156100281,0.00306545676987551,1.21212209168664e-06,"PgS","Cycling progenitors (PgS)"
"NDUFV3",0,0.724817744793513,0.18504770922657,3.91692362917098,0.766185514044371,0.736619947400983,9.18536564863711e-05,0.0378027102919379,8.96861454138503e-05,"PgS","Cycling progenitors (PgS)"
"AUTS2",0.0748373793988795,-0.673871093208694,0.15351828866979,-4.38951670871057,0.42057698448027,0.538602735238937,0.000120630690385276,0.0143650803854758,1.13602850023533e-05,"PgS","Cycling progenitors (PgS)"
"CEP135",0,-0.630048262294038,0.177996185057548,-3.53967284237208,0.954774913329699,0.698427803184935,0.000176498742677018,0.0921069465794133,0.000400623334271865,"PgS","Cycling progenitors (PgS)"
"PAXBP1",0.118679933346233,0.612251861342808,0.151233373793322,4.04839121144993,0.136241461260159,0.82242475134124,0.00023885655450535,0.0326056982840355,5.15708948739193e-05,"PgS","Cycling progenitors (PgS)"
"GART",0,0.500439095615634,0.140771510663441,3.55497425052213,0.954833974614885,1,9.23784055272865e-05,0.0921069465794133,0.000378016107714718,"PgS","Cycling progenitors (PgS)"
"EFS",0.119571504746034,0.454998504948938,0.119361975096605,3.81192171611343,0.0379968434796054,1,6.57580758416995e-05,0.0498178865685308,0.000137890551988816,"PgS","Cycling progenitors (PgS)"
"RCC2",0.0654022080013558,-0.428719535254074,0.108373686121615,-3.95593755824614,0.224133397757996,0.89704629284908,8.21426192090468e-05,0.0378027102919379,7.62350732000782e-05,"PgS","Cycling progenitors (PgS)"
"HIST1H2BH",0.130432025404137,-0.407049631672496,0.0989030536731051,-4.11564270824113,2.42766451845303e-09,0.866939373897344,1.5075570075053e-05,0.0325483999113576,3.86102015555844e-05,"PgS","Cycling progenitors (PgS)"
"CDCA7",0,0.977139678218231,0.265189312564043,3.68468724765162,0.587233055189676,0.859493255940189,0.000157158467298472,0.0553724065436362,0.000228983636082706,"vRG","Ventricular radial glia (vRG)"
"HIST2H2BE",0.155911011648302,0.885334764023474,0.229801554805565,3.85260563085639,0.189503263282369,0.96266813615349,4.44829255493682e-05,0.0394129169918716,0.000116867534282508,"vRG","Ventricular radial glia (vRG)"
"FAM120AOS",0,-0.84960469909329,0.235620175337443,-3.60582321898594,0.969752645202563,0.672028722071956,5.55775357943814e-05,0.0669371166041689,0.00031116492110648,"vRG","Ventricular radial glia (vRG)"
"TIGD5",0,-0.841807486406292,0.224330137668813,-3.75253853607973,0.777336685894308,0.682241628678247,6.98554065164285e-06,0.0465640746739621,0.000175052912308128,"vRG","Ventricular radial glia (vRG)"
"SNRNP27",0,-0.795754580650815,0.183031834893156,-4.34762936794756,0.924697190306081,0.828549607492248,0.000137224640411936,0.0113499638141576,1.37616900393139e-05,"vRG","Ventricular radial glia (vRG)"
"USP16",0.0334541729999857,0.728367852497855,0.184142039113829,3.95546750759943,0.600538921693136,0.73449927593723,0.000175827254856841,0.0338640742571567,7.63851299033611e-05,"vRG","Ventricular radial glia (vRG)"
"LDOC1",0,-0.721837754883779,0.174293718732471,-4.1415018288281,0.858999787307682,0.593738421757977,5.20125046421745e-05,0.0183560812594209,3.45039121417687e-05,"vRG","Ventricular radial glia (vRG)"
"SENP2",0.0258537594843123,0.606721451149771,0.169785627682953,3.57345588922711,0.465041808831997,0.916917195061645,7.36705257982664e-05,0.0669371166041689,0.000352300613706152,"vRG","Ventricular radial glia (vRG)"
"SNX5",0.0678181600894584,0.600951104156085,0.13851759448347,4.338446003174,0.482893648545555,0.531672574107091,0.000106057785434265,0.0113499638141576,1.43493729126459e-05,"vRG","Ventricular radial glia (vRG)"
"CCDC124",0,-0.578229894006092,0.167013783500146,-3.46216870181608,0.974792555060776,0.897220368069756,6.53658182042437e-05,0.0950224998925464,0.000535841164807593,"vRG","Ventricular radial glia (vRG)"
"GART",0,0.557740323226923,0.104101275672131,5.35767039957834,0.993757219541951,0.750945836573855,6.9371179020047e-05,0.000224242915825122,8.43018480545572e-08,"vRG","Ventricular radial glia (vRG)"
"PAXBP1",0,0.522507882287382,0.121508987737101,4.30015830119406,0.618002830625876,0.567915009439106,0.000164939372490036,0.0113499638141576,1.70676147581317e-05,"vRG","Ventricular radial glia (vRG)"
"SDCBP",0.00169507936840799,-0.455764049903613,0.126986352703877,-3.58907898525459,0.27538675484878,0.545730182700252,0.000216789236530009,0.0669371166041689,0.000331848294329619,"vRG","Ventricular radial glia (vRG)"
"ANTXR1",0.00071222469614074,0.437061361606141,0.116384110018627,3.75533534205133,0.636541088359926,0.60460897475838,3.21068591899149e-05,0.0465640746739621,0.000173109539617984,"vRG","Ventricular radial glia (vRG)"
"NUDT21",0.00080453374540028,-0.407521912167247,0.105873601512835,-3.84913619962048,0.425500848470825,0.652947464160694,0.000112799712034736,0.0394129169918716,0.000118535088697358,"vRG","Ventricular radial glia (vRG)"
